[{"model": "admin.logentry", "pk": 1, "fields": {"action_time": "2024-02-29T11:53:32.293Z", "user": 1, "content_type": 6, "object_id": "1", "object_repr": "admin@gmail.com", "action_flag": 2, "change_message": "[{\"changed\": {\"fields\": [\"Role\", \"Department\"]}}]"}}, {"model": "admin.logentry", "pk": 2, "fields": {"action_time": "2024-02-29T11:58:14.404Z", "user": 1, "content_type": 6, "object_id": "2", "object_repr": "jenis@gmail.com", "action_flag": 1, "change_message": "[{\"added\": {}}]"}}, {"model": "admin.logentry", "pk": 3, "fields": {"action_time": "2024-02-29T11:58:27.856Z", "user": 1, "content_type": 6, "object_id": "2", "object_repr": "jenis@gmail.com", "action_flag": 2, "change_message": "[]"}}, {"model": "admin.logentry", "pk": 4, "fields": {"action_time": "2024-02-29T11:59:32.096Z", "user": 1, "content_type": 6, "object_id": "3", "object_repr": "magnus@gmail.com", "action_flag": 1, "change_message": "[{\"added\": {}}]"}}, {"model": "admin.logentry", "pk": 5, "fields": {"action_time": "2024-02-29T12:00:35.328Z", "user": 1, "content_type": 6, "object_id": "4", "object_repr": "ram@gmail.com", "action_flag": 1, "change_message": "[{\"added\": {}}]"}}, {"model": "admin.logentry", "pk": 6, "fields": {"action_time": "2024-02-29T12:02:01.679Z", "user": 1, "content_type": 6, "object_id": "5", "object_repr": "sam@gmail.com", "action_flag": 1, "change_message": "[{\"added\": {}}]"}}, {"model": "admin.logentry", "pk": 7, "fields": {"action_time": "2024-03-01T15:37:50.183Z", "user": 1, "content_type": 3, "object_id": "1", "object_repr": "Admin", "action_flag": 1, "change_message": "[{\"added\": {}}]"}}, {"model": "admin.logentry", "pk": 8, "fields": {"action_time": "2024-03-01T15:37:59.067Z", "user": 1, "content_type": 3, "object_id": "2", "object_repr": "HOD", "action_flag": 1, "change_message": "[{\"added\": {}}]"}}, {"model": "admin.logentry", "pk": 9, "fields": {"action_time": "2024-03-01T15:38:21.951Z", "user": 1, "content_type": 3, "object_id": "2", "object_repr": "HOD", "action_flag": 3, "change_message": ""}}, {"model": "admin.logentry", "pk": 10, "fields": {"action_time": "2024-03-01T15:38:27.654Z", "user": 1, "content_type": 3, "object_id": "1", "object_repr": "Admin", "action_flag": 3, "change_message": ""}}, {"model": "admin.logentry", "pk": 11, "fields": {"action_time": "2024-03-01T16:06:53.531Z", "user": 1, "content_type": 3, "object_id": "3", "object_repr": "Admin", "action_flag": 1, "change_message": "[{\"added\": {}}]"}}, {"model": "admin.logentry", "pk": 12, "fields": {"action_time": "2024-03-01T16:07:04.762Z", "user": 1, "content_type": 3, "object_id": "4", "object_repr": "HOD", "action_flag": 1, "change_message": "[{\"added\": {}}]"}}, {"model": "admin.logentry", "pk": 13, "fields": {"action_time": "2024-03-01T16:07:25.425Z", "user": 1, "content_type": 3, "object_id": "5", "object_repr": "Teacher", "action_flag": 1, "change_message": "[{\"added\": {}}]"}}, {"model": "admin.logentry", "pk": 14, "fields": {"action_time": "2024-03-02T00:09:59.655Z", "user": 1, "content_type": 7, "object_id": "1", "object_repr": "IT", "action_flag": 1, "change_message": "[{\"added\": {}}]"}}, {"model": "admin.logentry", "pk": 15, "fields": {"action_time": "2024-03-02T00:10:09.385Z", "user": 1, "content_type": 7, "object_id": "2", "object_repr": "Chemistry", "action_flag": 1, "change_message": "[{\"added\": {}}]"}}, {"model": "admin.logentry", "pk": 16, "fields": {"action_time": "2024-03-02T01:05:20.148Z", "user": 1, "content_type": 6, "object_id": "3", "object_repr": "magnus@gmail.com", "action_flag": 3, "change_message": ""}}, {"model": "admin.logentry", "pk": 17, "fields": {"action_time": "2024-03-02T01:05:20.164Z", "user": 1, "content_type": 6, "object_id": "4", "object_repr": "ram@gmail.com", "action_flag": 3, "change_message": ""}}, {"model": "admin.logentry", "pk": 18, "fields": {"action_time": "2024-03-02T01:05:20.164Z", "user": 1, "content_type": 6, "object_id": "5", "object_repr": "sam@gmail.com", "action_flag": 3, "change_message": ""}}, {"model": "admin.logentry", "pk": 19, "fields": {"action_time": "2024-03-02T01:05:30.590Z", "user": 1, "content_type": 6, "object_id": "6", "object_repr": "jimin@gmail.com", "action_flag": 3, "change_message": ""}}, {"model": "admin.logentry", "pk": 20, "fields": {"action_time": "2024-03-02T01:11:39.025Z", "user": 1, "content_type": 6, "object_id": "7", "object_repr": "jimin@gmail.com", "action_flag": 3, "change_message": ""}}, {"model": "admin.logentry", "pk": 21, "fields": {"action_time": "2024-03-02T01:17:12.336Z", "user": 1, "content_type": 6, "object_id": "8", "object_repr": "jimin@gmail.com", "action_flag": 3, "change_message": ""}}, {"model": "admin.logentry", "pk": 22, "fields": {"action_time": "2024-03-02T01:34:20.681Z", "user": 1, "content_type": 6, "object_id": "2", "object_repr": "jenis@gmail.com", "action_flag": 2, "change_message": "[]"}}, {"model": "admin.logentry", "pk": 23, "fields": {"action_time": "2024-03-02T13:51:28.195Z", "user": 1, "content_type": 6, "object_id": "1", "object_repr": "admin@gmail.com", "action_flag": 2, "change_message": "[]"}}, {"model": "admin.logentry", "pk": 24, "fields": {"action_time": "2024-03-09T15:55:16.973Z", "user": 1, "content_type": 6, "object_id": "1", "object_repr": "admin@gmail.com", "action_flag": 2, "change_message": "[{\"changed\": {\"fields\": [\"Groups\"]}}]"}}, {"model": "admin.logentry", "pk": 25, "fields": {"action_time": "2024-03-10T03:07:15.490Z", "user": 1, "content_type": 3, "object_id": "6", "object_repr": "1", "action_flag": 1, "change_message": "[{\"added\": {}}]"}}, {"model": "admin.logentry", "pk": 26, "fields": {"action_time": "2024-03-10T03:18:32.764Z", "user": 1, "content_type": 6, "object_id": "10", "object_repr": "jin@gmail.com", "action_flag": 3, "change_message": ""}}, {"model": "admin.logentry", "pk": 27, "fields": {"action_time": "2024-03-10T03:28:23.886Z", "user": 1, "content_type": 6, "object_id": "11", "object_repr": "jin@gmail.com", "action_flag": 3, "change_message": ""}}, {"model": "admin.logentry", "pk": 28, "fields": {"action_time": "2024-03-10T03:45:36.633Z", "user": 1, "content_type": 6, "object_id": "12", "object_repr": "jin@gmail.com", "action_flag": 3, "change_message": ""}}, {"model": "admin.logentry", "pk": 29, "fields": {"action_time": "2024-03-10T03:47:57.970Z", "user": 1, "content_type": 6, "object_id": "13", "object_repr": "jin@gmail.com", "action_flag": 3, "change_message": ""}}, {"model": "admin.logentry", "pk": 30, "fields": {"action_time": "2024-03-10T03:49:20.484Z", "user": 1, "content_type": 6, "object_id": "14", "object_repr": "jin@gmail.com", "action_flag": 3, "change_message": ""}}, {"model": "admin.logentry", "pk": 31, "fields": {"action_time": "2024-03-10T04:08:40.829Z", "user": 1, "content_type": 6, "object_id": "15", "object_repr": "jin@gmail.com", "action_flag": 3, "change_message": ""}}, {"model": "admin.logentry", "pk": 32, "fields": {"action_time": "2024-03-10T04:09:52.761Z", "user": 1, "content_type": 6, "object_id": "9", "object_repr": "jimin@gmail.com", "action_flag": 3, "change_message": ""}}, {"model": "admin.logentry", "pk": 33, "fields": {"action_time": "2024-03-10T04:13:21.940Z", "user": 1, "content_type": 6, "object_id": "16", "object_repr": "jin@gmail.com", "action_flag": 3, "change_message": ""}}, {"model": "admin.logentry", "pk": 34, "fields": {"action_time": "2024-03-10T04:15:37.028Z", "user": 1, "content_type": 3, "object_id": "6", "object_repr": "1", "action_flag": 3, "change_message": ""}}, {"model": "admin.logentry", "pk": 35, "fields": {"action_time": "2024-03-10T04:15:37.035Z", "user": 1, "content_type": 3, "object_id": "7", "object_repr": "Hod", "action_flag": 3, "change_message": ""}}, {"model": "admin.logentry", "pk": 36, "fields": {"action_time": "2024-03-10T04:15:37.042Z", "user": 1, "content_type": 3, "object_id": "3", "object_repr": "Teacher", "action_flag": 3, "change_message": ""}}, {"model": "admin.logentry", "pk": 37, "fields": {"action_time": "2024-03-10T04:16:16.190Z", "user": 1, "content_type": 6, "object_id": "17", "object_repr": "jin@gmail.com", "action_flag": 3, "change_message": ""}}, {"model": "admin.logentry", "pk": 38, "fields": {"action_time": "2024-03-10T04:19:00.782Z", "user": 1, "content_type": 3, "object_id": "8", "object_repr": "TEACHER", "action_flag": 1, "change_message": "[{\"added\": {}}]"}}, {"model": "admin.logentry", "pk": 39, "fields": {"action_time": "2024-03-10T04:20:08.316Z", "user": 1, "content_type": 6, "object_id": "18", "object_repr": "jin@gmail.com", "action_flag": 3, "change_message": ""}}, {"model": "admin.logentry", "pk": 40, "fields": {"action_time": "2024-03-10T04:24:29.219Z", "user": 1, "content_type": 6, "object_id": "19", "object_repr": "jin@gmail.com", "action_flag": 3, "change_message": ""}}, {"model": "admin.logentry", "pk": 41, "fields": {"action_time": "2024-03-10T04:30:07.841Z", "user": 1, "content_type": 6, "object_id": "20", "object_repr": "jin@gmail.com", "action_flag": 3, "change_message": ""}}, {"model": "admin.logentry", "pk": 42, "fields": {"action_time": "2024-03-10T04:32:11.199Z", "user": 1, "content_type": 6, "object_id": "21", "object_repr": "jin@gmail.com", "action_flag": 3, "change_message": ""}}, {"model": "admin.logentry", "pk": 43, "fields": {"action_time": "2024-03-10T04:33:42.728Z", "user": 1, "content_type": 6, "object_id": "22", "object_repr": "jin@gmail.com", "action_flag": 3, "change_message": ""}}, {"model": "admin.logentry", "pk": 44, "fields": {"action_time": "2024-03-10T04:34:38.852Z", "user": 1, "content_type": 6, "object_id": "23", "object_repr": "jin@gmail.com", "action_flag": 2, "change_message": "[]"}}, {"model": "admin.logentry", "pk": 45, "fields": {"action_time": "2024-03-10T04:34:56.617Z", "user": 1, "content_type": 3, "object_id": "2", "object_repr": "HOD", "action_flag": 3, "change_message": ""}}, {"model": "admin.logentry", "pk": 46, "fields": {"action_time": "2024-03-10T04:34:56.623Z", "user": 1, "content_type": 3, "object_id": "8", "object_repr": "TEACHER", "action_flag": 3, "change_message": ""}}, {"model": "admin.logentry", "pk": 47, "fields": {"action_time": "2024-03-10T04:34:56.630Z", "user": 1, "content_type": 3, "object_id": "9", "object_repr": "teacher", "action_flag": 3, "change_message": ""}}, {"model": "admin.logentry", "pk": 48, "fields": {"action_time": "2024-03-10T04:35:16.539Z", "user": 1, "content_type": 6, "object_id": "2", "object_repr": "jenis@gmail.com", "action_flag": 3, "change_message": ""}}, {"model": "admin.logentry", "pk": 49, "fields": {"action_time": "2024-03-10T04:37:48.875Z", "user": 1, "content_type": 6, "object_id": "24", "object_repr": "jenis@gmail.com", "action_flag": 3, "change_message": ""}}, {"model": "admin.logentry", "pk": 50, "fields": {"action_time": "2024-03-10T04:42:26.871Z", "user": 1, "content_type": 6, "object_id": "25", "object_repr": "jenis@gmail.com", "action_flag": 3, "change_message": ""}}, {"model": "admin.logentry", "pk": 51, "fields": {"action_time": "2024-03-10T04:45:05.748Z", "user": 1, "content_type": 6, "object_id": "26", "object_repr": "jenis@gmail.com", "action_flag": 3, "change_message": ""}}, {"model": "admin.logentry", "pk": 52, "fields": {"action_time": "2024-03-10T04:46:28.647Z", "user": 1, "content_type": 6, "object_id": "27", "object_repr": "jenis@gmail.com", "action_flag": 3, "change_message": ""}}, {"model": "admin.logentry", "pk": 53, "fields": {"action_time": "2024-03-10T04:46:37.298Z", "user": 1, "content_type": 6, "object_id": "23", "object_repr": "jin@gmail.com", "action_flag": 2, "change_message": "[]"}}, {"model": "admin.logentry", "pk": 54, "fields": {"action_time": "2024-03-10T04:49:28.820Z", "user": 1, "content_type": 6, "object_id": "29", "object_repr": "jimin@gmail.com", "action_flag": 3, "change_message": ""}}, {"model": "admin.logentry", "pk": 55, "fields": {"action_time": "2024-03-10T04:51:03.745Z", "user": 1, "content_type": 6, "object_id": "30", "object_repr": "jimin@gmail.com", "action_flag": 3, "change_message": ""}}, {"model": "admin.logentry", "pk": 56, "fields": {"action_time": "2024-03-10T04:51:47.359Z", "user": 1, "content_type": 6, "object_id": "31", "object_repr": "jimin@gmail.com", "action_flag": 3, "change_message": ""}}, {"model": "admin.logentry", "pk": 57, "fields": {"action_time": "2024-03-10T04:53:19.281Z", "user": 1, "content_type": 6, "object_id": "28", "object_repr": "jenis@gmail.com", "action_flag": 3, "change_message": ""}}, {"model": "admin.logentry", "pk": 58, "fields": {"action_time": "2024-03-10T04:53:19.289Z", "user": 1, "content_type": 6, "object_id": "23", "object_repr": "jin@gmail.com", "action_flag": 3, "change_message": ""}}, {"model": "admin.logentry", "pk": 59, "fields": {"action_time": "2024-03-10T04:54:25.931Z", "user": 1, "content_type": 6, "object_id": "33", "object_repr": "jin@gmail.com", "action_flag": 2, "change_message": "[]"}}, {"model": "admin.logentry", "pk": 60, "fields": {"action_time": "2024-03-10T04:56:39.702Z", "user": 1, "content_type": 3, "object_id": "11", "object_repr": "Hod", "action_flag": 3, "change_message": ""}}, {"model": "admin.logentry", "pk": 61, "fields": {"action_time": "2024-03-10T04:56:39.710Z", "user": 1, "content_type": 3, "object_id": "10", "object_repr": "Teacher", "action_flag": 3, "change_message": ""}}, {"model": "admin.logentry", "pk": 62, "fields": {"action_time": "2024-03-10T04:56:46.403Z", "user": 1, "content_type": 3, "object_id": "12", "object_repr": "1", "action_flag": 3, "change_message": ""}}, {"model": "admin.logentry", "pk": 63, "fields": {"action_time": "2024-03-10T04:57:18.943Z", "user": 1, "content_type": 3, "object_id": "1", "object_repr": "Admin", "action_flag": 2, "change_message": "[{\"changed\": {\"fields\": [\"Permissions\"]}}]"}}, {"model": "admin.logentry", "pk": 64, "fields": {"action_time": "2024-03-10T05:15:31.850Z", "user": 1, "content_type": 7, "object_id": "3", "object_repr": "Life Science", "action_flag": 1, "change_message": "[{\"added\": {}}]"}}, {"model": "admin.logentry", "pk": 65, "fields": {"action_time": "2024-03-10T05:15:42.657Z", "user": 1, "content_type": 12, "object_id": "3", "object_repr": "Life Science", "action_flag": 1, "change_message": "[{\"added\": {}}]"}}, {"model": "admin.logentry", "pk": 66, "fields": {"action_time": "2024-03-10T05:17:06.452Z", "user": 1, "content_type": 6, "object_id": "36", "object_repr": "jhope@gmail.com", "action_flag": 2, "change_message": "[]"}}, {"model": "admin.logentry", "pk": 67, "fields": {"action_time": "2024-03-10T06:03:46.981Z", "user": 1, "content_type": 15, "object_id": "4", "object_repr": "(SITS0201) Computer Graphics", "action_flag": 1, "change_message": "[{\"added\": {}}]"}}, {"model": "admin.logentry", "pk": 68, "fields": {"action_time": "2024-03-10T06:10:59.247Z", "user": 1, "content_type": 14, "object_id": "12", "object_repr": "CO4, Professional Communication Skills", "action_flag": 1, "change_message": "[{\"added\": {}}]"}}, {"model": "admin.logentry", "pk": 69, "fields": {"action_time": "2024-03-10T06:11:19.075Z", "user": 1, "content_type": 14, "object_id": "12", "object_repr": "CO 4, Professional Communication Skills", "action_flag": 2, "change_message": "[{\"changed\": {\"fields\": [\"Code\"]}}]"}}, {"model": "admin.logentry", "pk": 70, "fields": {"action_time": "2024-03-10T06:11:43.402Z", "user": 1, "content_type": 14, "object_id": "11", "object_repr": "CO 4, Professional Communication Skills", "action_flag": 2, "change_message": "[{\"changed\": {\"fields\": [\"Course\"]}}]"}}, {"model": "admin.logentry", "pk": 71, "fields": {"action_time": "2024-03-10T06:11:51.599Z", "user": 1, "content_type": 14, "object_id": "12", "object_repr": "CO 4, Professional Communication Skills", "action_flag": 3, "change_message": ""}}, {"model": "admin.logentry", "pk": 72, "fields": {"action_time": "2024-03-10T06:17:01.257Z", "user": 1, "content_type": 14, "object_id": "13", "object_repr": "CO 1, Computer Graphics", "action_flag": 1, "change_message": "[{\"added\": {}}]"}}, {"model": "admin.logentry", "pk": 73, "fields": {"action_time": "2024-03-10T06:17:36.045Z", "user": 1, "content_type": 14, "object_id": "14", "object_repr": "CO 2, Computer Graphics", "action_flag": 1, "change_message": "[{\"added\": {}}]"}}, {"model": "admin.logentry", "pk": 74, "fields": {"action_time": "2024-03-10T06:18:12.751Z", "user": 1, "content_type": 14, "object_id": "15", "object_repr": "CO 3, Computer Graphics", "action_flag": 1, "change_message": "[{\"added\": {}}]"}}, {"model": "admin.logentry", "pk": 75, "fields": {"action_time": "2024-03-10T06:18:57.288Z", "user": 1, "content_type": 14, "object_id": "16", "object_repr": "CO 4, Computer Graphics", "action_flag": 1, "change_message": "[{\"added\": {}}]"}}, {"model": "admin.logentry", "pk": 76, "fields": {"action_time": "2024-03-10T06:19:24.156Z", "user": 1, "content_type": 14, "object_id": "17", "object_repr": "CO 5, Computer Graphics", "action_flag": 1, "change_message": "[{\"added\": {}}]"}}, {"model": "admin.logentry", "pk": 77, "fields": {"action_time": "2024-03-10T06:20:01.340Z", "user": 1, "content_type": 14, "object_id": "18", "object_repr": "CO 6, Computer Graphics", "action_flag": 1, "change_message": "[{\"added\": {}}]"}}, {"model": "admin.logentry", "pk": 78, "fields": {"action_time": "2024-03-10T06:20:26.176Z", "user": 1, "content_type": 14, "object_id": "19", "object_repr": "CO 7, Computer Graphics", "action_flag": 1, "change_message": "[{\"added\": {}}]"}}, {"model": "admin.logentry", "pk": 79, "fields": {"action_time": "2024-03-10T06:23:59.977Z", "user": 1, "content_type": 7, "object_id": "3", "object_repr": "Life Science", "action_flag": 3, "change_message": ""}}, {"model": "admin.logentry", "pk": 80, "fields": {"action_time": "2024-03-10T06:26:04.253Z", "user": 1, "content_type": 15, "object_id": "5", "object_repr": "(SITS0301) Discrete Mathematics", "action_flag": 1, "change_message": "[{\"added\": {}}]"}}, {"model": "admin.logentry", "pk": 81, "fields": {"action_time": "2024-03-10T06:26:34.104Z", "user": 1, "content_type": 14, "object_id": "20", "object_repr": "CO 1, Discrete Mathematics", "action_flag": 1, "change_message": "[{\"added\": {}}]"}}, {"model": "admin.logentry", "pk": 82, "fields": {"action_time": "2024-03-10T06:26:51.191Z", "user": 1, "content_type": 14, "object_id": "21", "object_repr": "CO 2, Discrete Mathematics", "action_flag": 1, "change_message": "[{\"added\": {}}]"}}, {"model": "admin.logentry", "pk": 83, "fields": {"action_time": "2024-03-10T06:27:10.363Z", "user": 1, "content_type": 14, "object_id": "22", "object_repr": "CO 3, Discrete Mathematics", "action_flag": 1, "change_message": "[{\"added\": {}}]"}}, {"model": "admin.logentry", "pk": 84, "fields": {"action_time": "2024-03-10T06:27:36.868Z", "user": 1, "content_type": 14, "object_id": "23", "object_repr": "CO 4, Discrete Mathematics", "action_flag": 1, "change_message": "[{\"added\": {}}]"}}, {"model": "admin.logentry", "pk": 85, "fields": {"action_time": "2024-03-11T15:22:38.969Z", "user": 1, "content_type": 10, "object_id": "4", "object_repr": "Year 4", "action_flag": 3, "change_message": ""}}, {"model": "admin.logentry", "pk": 86, "fields": {"action_time": "2024-03-11T15:33:31.313Z", "user": 1, "content_type": 14, "object_id": "24", "object_repr": "CO 1, Network Security and Internet Technology", "action_flag": 1, "change_message": "[{\"added\": {}}]"}}, {"model": "admin.logentry", "pk": 87, "fields": {"action_time": "2024-03-11T15:33:51.490Z", "user": 1, "content_type": 14, "object_id": "25", "object_repr": "CO 2, Network Security and Internet Technology", "action_flag": 1, "change_message": "[{\"added\": {}}]"}}, {"model": "admin.logentry", "pk": 88, "fields": {"action_time": "2024-03-11T15:34:17.624Z", "user": 1, "content_type": 14, "object_id": "26", "object_repr": "CO 3, Network Security and Internet Technology", "action_flag": 1, "change_message": "[{\"added\": {}}]"}}, {"model": "admin.logentry", "pk": 89, "fields": {"action_time": "2024-03-11T15:34:54.620Z", "user": 1, "content_type": 14, "object_id": "27", "object_repr": "CO 4, Network Security and Internet Technology", "action_flag": 1, "change_message": "[{\"added\": {}}]"}}, {"model": "admin.logentry", "pk": 90, "fields": {"action_time": "2024-03-12T02:34:38.941Z", "user": 1, "content_type": 14, "object_id": "28", "object_repr": "slkdj, Chemical Bonding and Coordination Chemistry", "action_flag": 1, "change_message": "[{\"added\": {}}]"}}, {"model": "admin.logentry", "pk": 91, "fields": {"action_time": "2024-03-12T02:34:50.527Z", "user": 1, "content_type": 14, "object_id": "28", "object_repr": "slkdj, Chemical Bonding and Coordination Chemistry", "action_flag": 2, "change_message": "[]"}}, {"model": "admin.logentry", "pk": 92, "fields": {"action_time": "2024-03-12T02:35:07.623Z", "user": 1, "content_type": 14, "object_id": "28", "object_repr": "slkdj, Chemical Bonding and Coordination Chemistry", "action_flag": 3, "change_message": ""}}, {"model": "admin.logentry", "pk": 93, "fields": {"action_time": "2024-03-12T02:38:15.803Z", "user": 1, "content_type": 14, "object_id": "29", "object_repr": "COsds, Computer Graphics", "action_flag": 1, "change_message": "[{\"added\": {}}]"}}, {"model": "admin.logentry", "pk": 94, "fields": {"action_time": "2024-03-12T10:18:24.987Z", "user": 1, "content_type": 14, "object_id": "29", "object_repr": "COsds, Computer Graphics", "action_flag": 3, "change_message": ""}}, {"model": "admin.logentry", "pk": 95, "fields": {"action_time": "2024-03-12T10:24:04.793Z", "user": 1, "content_type": 14, "object_id": "8", "object_repr": "CO 1, Professional Communication Skills", "action_flag": 2, "change_message": "[{\"changed\": {\"fields\": [\"Programme specific outcomes\"]}}]"}}, {"model": "admin.logentry", "pk": 96, "fields": {"action_time": "2024-03-12T10:24:22.768Z", "user": 1, "content_type": 14, "object_id": "8", "object_repr": "CO 1, Professional Communication Skills", "action_flag": 2, "change_message": "[]"}}, {"model": "admin.logentry", "pk": 97, "fields": {"action_time": "2024-03-12T10:26:53.761Z", "user": 1, "content_type": 14, "object_id": "13", "object_repr": "CO 1, Computer Graphics", "action_flag": 2, "change_message": "[{\"changed\": {\"fields\": [\"Programme specific outcomes\"]}}]"}}, {"model": "admin.logentry", "pk": 98, "fields": {"action_time": "2024-03-12T10:27:10.532Z", "user": 1, "content_type": 14, "object_id": "14", "object_repr": "CO 2, Computer Graphics", "action_flag": 2, "change_message": "[{\"changed\": {\"fields\": [\"Programme specific outcomes\"]}}]"}}, {"model": "admin.logentry", "pk": 99, "fields": {"action_time": "2024-03-12T10:29:37.149Z", "user": 1, "content_type": 14, "object_id": "8", "object_repr": "CO 1, Professional Communication Skills", "action_flag": 2, "change_message": "[{\"changed\": {\"fields\": [\"Programme specific outcomes\"]}}]"}}, {"model": "admin.logentry", "pk": 100, "fields": {"action_time": "2024-03-12T10:29:58.361Z", "user": 1, "content_type": 14, "object_id": "13", "object_repr": "CO 1, Computer Graphics", "action_flag": 2, "change_message": "[]"}}, {"model": "admin.logentry", "pk": 101, "fields": {"action_time": "2024-03-12T10:30:06.753Z", "user": 1, "content_type": 14, "object_id": "8", "object_repr": "CO 1, Professional Communication Skills", "action_flag": 2, "change_message": "[]"}}, {"model": "admin.logentry", "pk": 102, "fields": {"action_time": "2024-03-12T10:35:13.143Z", "user": 1, "content_type": 14, "object_id": "13", "object_repr": "CO 1, Computer Graphics", "action_flag": 2, "change_message": "[{\"changed\": {\"fields\": [\"Programme specific outcomes\"]}}]"}}, {"model": "admin.logentry", "pk": 103, "fields": {"action_time": "2024-03-12T10:35:21.991Z", "user": 1, "content_type": 14, "object_id": "8", "object_repr": "CO 1, Professional Communication Skills", "action_flag": 2, "change_message": "[{\"changed\": {\"fields\": [\"Programme specific outcomes\"]}}]"}}, {"model": "admin.logentry", "pk": 104, "fields": {"action_time": "2024-03-12T10:35:31.115Z", "user": 1, "content_type": 14, "object_id": "9", "object_repr": "CO 2, Professional Communication Skills", "action_flag": 2, "change_message": "[{\"changed\": {\"fields\": [\"Programme specific outcomes\"]}}]"}}, {"model": "admin.logentry", "pk": 105, "fields": {"action_time": "2024-03-12T10:35:40.040Z", "user": 1, "content_type": 14, "object_id": "10", "object_repr": "CO 3, Professional Communication Skills", "action_flag": 2, "change_message": "[{\"changed\": {\"fields\": [\"Programme specific outcomes\"]}}]"}}, {"model": "admin.logentry", "pk": 106, "fields": {"action_time": "2024-03-12T10:35:49.354Z", "user": 1, "content_type": 14, "object_id": "11", "object_repr": "CO 4, Professional Communication Skills", "action_flag": 2, "change_message": "[{\"changed\": {\"fields\": [\"Programme specific outcomes\"]}}]"}}, {"model": "admin.logentry", "pk": 107, "fields": {"action_time": "2024-03-12T10:35:56.354Z", "user": 1, "content_type": 14, "object_id": "13", "object_repr": "CO 1, Computer Graphics", "action_flag": 2, "change_message": "[]"}}, {"model": "admin.logentry", "pk": 108, "fields": {"action_time": "2024-03-12T10:36:03.925Z", "user": 1, "content_type": 14, "object_id": "14", "object_repr": "CO 2, Computer Graphics", "action_flag": 2, "change_message": "[{\"changed\": {\"fields\": [\"Programme specific outcomes\"]}}]"}}, {"model": "admin.logentry", "pk": 109, "fields": {"action_time": "2024-03-12T10:36:11.582Z", "user": 1, "content_type": 14, "object_id": "15", "object_repr": "CO 3, Computer Graphics", "action_flag": 2, "change_message": "[{\"changed\": {\"fields\": [\"Programme specific outcomes\"]}}]"}}, {"model": "admin.logentry", "pk": 110, "fields": {"action_time": "2024-03-12T10:36:16.484Z", "user": 1, "content_type": 14, "object_id": "17", "object_repr": "CO 5, Computer Graphics", "action_flag": 2, "change_message": "[{\"changed\": {\"fields\": [\"Programme specific outcomes\"]}}]"}}, {"model": "admin.logentry", "pk": 111, "fields": {"action_time": "2024-03-12T10:36:21.232Z", "user": 1, "content_type": 14, "object_id": "17", "object_repr": "CO 5, Computer Graphics", "action_flag": 2, "change_message": "[]"}}, {"model": "admin.logentry", "pk": 112, "fields": {"action_time": "2024-03-12T10:36:27.402Z", "user": 1, "content_type": 14, "object_id": "18", "object_repr": "CO 6, Computer Graphics", "action_flag": 2, "change_message": "[{\"changed\": {\"fields\": [\"Programme specific outcomes\"]}}]"}}, {"model": "admin.logentry", "pk": 113, "fields": {"action_time": "2024-03-12T10:36:34.617Z", "user": 1, "content_type": 14, "object_id": "19", "object_repr": "CO 7, Computer Graphics", "action_flag": 2, "change_message": "[{\"changed\": {\"fields\": [\"Programme specific outcomes\"]}}]"}}, {"model": "admin.logentry", "pk": 114, "fields": {"action_time": "2024-03-12T10:36:40.025Z", "user": 1, "content_type": 14, "object_id": "20", "object_repr": "CO 1, Discrete Mathematics", "action_flag": 2, "change_message": "[]"}}, {"model": "admin.logentry", "pk": 115, "fields": {"action_time": "2024-03-12T10:36:45.836Z", "user": 1, "content_type": 14, "object_id": "21", "object_repr": "CO 2, Discrete Mathematics", "action_flag": 2, "change_message": "[{\"changed\": {\"fields\": [\"Programme specific outcomes\"]}}]"}}, {"model": "admin.logentry", "pk": 116, "fields": {"action_time": "2024-03-12T10:36:51.147Z", "user": 1, "content_type": 14, "object_id": "22", "object_repr": "CO 3, Discrete Mathematics", "action_flag": 2, "change_message": "[{\"changed\": {\"fields\": [\"Programme specific outcomes\"]}}]"}}, {"model": "admin.logentry", "pk": 117, "fields": {"action_time": "2024-03-12T10:36:56.632Z", "user": 1, "content_type": 14, "object_id": "23", "object_repr": "CO 4, Discrete Mathematics", "action_flag": 2, "change_message": "[{\"changed\": {\"fields\": [\"Programme specific outcomes\"]}}]"}}, {"model": "admin.logentry", "pk": 118, "fields": {"action_time": "2024-03-12T10:37:03.463Z", "user": 1, "content_type": 14, "object_id": "24", "object_repr": "CO 1, Network Security and Internet Technology", "action_flag": 2, "change_message": "[{\"changed\": {\"fields\": [\"Programme specific outcomes\"]}}]"}}, {"model": "admin.logentry", "pk": 119, "fields": {"action_time": "2024-03-12T10:37:08.927Z", "user": 1, "content_type": 14, "object_id": "25", "object_repr": "CO 2, Network Security and Internet Technology", "action_flag": 2, "change_message": "[{\"changed\": {\"fields\": [\"Programme specific outcomes\"]}}]"}}, {"model": "admin.logentry", "pk": 120, "fields": {"action_time": "2024-03-12T10:37:14.509Z", "user": 1, "content_type": 14, "object_id": "26", "object_repr": "CO 3, Network Security and Internet Technology", "action_flag": 2, "change_message": "[{\"changed\": {\"fields\": [\"Programme specific outcomes\"]}}]"}}, {"model": "admin.logentry", "pk": 121, "fields": {"action_time": "2024-03-12T10:37:20.121Z", "user": 1, "content_type": 14, "object_id": "27", "object_repr": "CO 4, Network Security and Internet Technology", "action_flag": 2, "change_message": "[{\"changed\": {\"fields\": [\"Programme specific outcomes\"]}}]"}}, {"model": "admin.logentry", "pk": 122, "fields": {"action_time": "2024-03-12T10:37:46.903Z", "user": 1, "content_type": 14, "object_id": "16", "object_repr": "CO 4, Computer Graphics", "action_flag": 2, "change_message": "[{\"changed\": {\"fields\": [\"Programme specific outcomes\"]}}]"}}, {"model": "admin.logentry", "pk": 123, "fields": {"action_time": "2024-03-12T10:37:56.835Z", "user": 1, "content_type": 14, "object_id": "17", "object_repr": "CO 5, Computer Graphics", "action_flag": 2, "change_message": "[]"}}, {"model": "admin.logentry", "pk": 124, "fields": {"action_time": "2024-03-12T10:38:13.151Z", "user": 1, "content_type": 14, "object_id": "17", "object_repr": "CO 5, Computer Graphics", "action_flag": 2, "change_message": "[{\"changed\": {\"fields\": [\"Programme specific outcomes\"]}}]"}}, {"model": "admin.logentry", "pk": 125, "fields": {"action_time": "2024-03-12T10:58:11.509Z", "user": 1, "content_type": 14, "object_id": "8", "object_repr": "CO 1, Professional Communication Skills", "action_flag": 2, "change_message": "[{\"changed\": {\"fields\": [\"Programme specific outcomes\"]}}]"}}, {"model": "admin.logentry", "pk": 126, "fields": {"action_time": "2024-03-12T10:58:25.172Z", "user": 1, "content_type": 14, "object_id": "9", "object_repr": "CO 2, Professional Communication Skills", "action_flag": 2, "change_message": "[{\"changed\": {\"fields\": [\"Programme specific outcomes\"]}}]"}}, {"model": "admin.logentry", "pk": 127, "fields": {"action_time": "2024-03-12T10:58:36.152Z", "user": 1, "content_type": 14, "object_id": "10", "object_repr": "CO 3, Professional Communication Skills", "action_flag": 2, "change_message": "[{\"changed\": {\"fields\": [\"Programme specific outcomes\"]}}]"}}, {"model": "admin.logentry", "pk": 128, "fields": {"action_time": "2024-03-12T10:58:47.858Z", "user": 1, "content_type": 14, "object_id": "11", "object_repr": "CO 4, Professional Communication Skills", "action_flag": 2, "change_message": "[{\"changed\": {\"fields\": [\"Programme specific outcomes\"]}}]"}}, {"model": "admin.logentry", "pk": 129, "fields": {"action_time": "2024-03-12T10:59:30.259Z", "user": 1, "content_type": 14, "object_id": "13", "object_repr": "CO 1, Computer Graphics", "action_flag": 2, "change_message": "[{\"changed\": {\"fields\": [\"Programme specific outcomes\"]}}]"}}, {"model": "admin.logentry", "pk": 130, "fields": {"action_time": "2024-03-12T10:59:52.711Z", "user": 1, "content_type": 14, "object_id": "14", "object_repr": "CO 2, Computer Graphics", "action_flag": 2, "change_message": "[{\"changed\": {\"fields\": [\"Programme specific outcomes\"]}}]"}}, {"model": "admin.logentry", "pk": 131, "fields": {"action_time": "2024-03-12T11:00:30.238Z", "user": 1, "content_type": 14, "object_id": "15", "object_repr": "CO 3, Computer Graphics", "action_flag": 2, "change_message": "[{\"changed\": {\"fields\": [\"Programme specific outcomes\"]}}]"}}, {"model": "admin.logentry", "pk": 132, "fields": {"action_time": "2024-03-12T11:00:39.429Z", "user": 1, "content_type": 14, "object_id": "16", "object_repr": "CO 4, Computer Graphics", "action_flag": 2, "change_message": "[{\"changed\": {\"fields\": [\"Programme specific outcomes\"]}}]"}}, {"model": "admin.logentry", "pk": 133, "fields": {"action_time": "2024-03-12T11:00:49.952Z", "user": 1, "content_type": 14, "object_id": "17", "object_repr": "CO 5, Computer Graphics", "action_flag": 2, "change_message": "[{\"changed\": {\"fields\": [\"Programme specific outcomes\"]}}]"}}, {"model": "admin.logentry", "pk": 134, "fields": {"action_time": "2024-03-12T11:01:01.187Z", "user": 1, "content_type": 14, "object_id": "18", "object_repr": "CO 6, Computer Graphics", "action_flag": 2, "change_message": "[{\"changed\": {\"fields\": [\"Programme specific outcomes\"]}}]"}}, {"model": "admin.logentry", "pk": 135, "fields": {"action_time": "2024-03-12T11:01:13.558Z", "user": 1, "content_type": 14, "object_id": "19", "object_repr": "CO 7, Computer Graphics", "action_flag": 2, "change_message": "[{\"changed\": {\"fields\": [\"Programme specific outcomes\"]}}]"}}, {"model": "admin.logentry", "pk": 136, "fields": {"action_time": "2024-03-12T11:01:27.548Z", "user": 1, "content_type": 14, "object_id": "20", "object_repr": "CO 1, Discrete Mathematics", "action_flag": 2, "change_message": "[{\"changed\": {\"fields\": [\"Programme specific outcomes\"]}}]"}}, {"model": "admin.logentry", "pk": 137, "fields": {"action_time": "2024-03-12T11:01:33.201Z", "user": 1, "content_type": 14, "object_id": "21", "object_repr": "CO 2, Discrete Mathematics", "action_flag": 2, "change_message": "[{\"changed\": {\"fields\": [\"Programme specific outcomes\"]}}]"}}, {"model": "admin.logentry", "pk": 138, "fields": {"action_time": "2024-03-12T11:01:37.811Z", "user": 1, "content_type": 14, "object_id": "22", "object_repr": "CO 3, Discrete Mathematics", "action_flag": 2, "change_message": "[{\"changed\": {\"fields\": [\"Programme specific outcomes\"]}}]"}}, {"model": "admin.logentry", "pk": 139, "fields": {"action_time": "2024-03-12T11:01:43.351Z", "user": 1, "content_type": 14, "object_id": "23", "object_repr": "CO 4, Discrete Mathematics", "action_flag": 2, "change_message": "[{\"changed\": {\"fields\": [\"Programme specific outcomes\"]}}]"}}, {"model": "admin.logentry", "pk": 140, "fields": {"action_time": "2024-03-12T11:02:18.686Z", "user": 1, "content_type": 14, "object_id": "24", "object_repr": "CO 1, Network Security and Internet Technology", "action_flag": 2, "change_message": "[{\"changed\": {\"fields\": [\"Programme specific outcomes\"]}}]"}}, {"model": "admin.logentry", "pk": 141, "fields": {"action_time": "2024-03-12T11:02:29.718Z", "user": 1, "content_type": 14, "object_id": "25", "object_repr": "CO 2, Network Security and Internet Technology", "action_flag": 2, "change_message": "[{\"changed\": {\"fields\": [\"Programme specific outcomes\"]}}]"}}, {"model": "admin.logentry", "pk": 142, "fields": {"action_time": "2024-03-12T11:02:36.585Z", "user": 1, "content_type": 14, "object_id": "26", "object_repr": "CO 3, Network Security and Internet Technology", "action_flag": 2, "change_message": "[{\"changed\": {\"fields\": [\"Programme specific outcomes\"]}}]"}}, {"model": "admin.logentry", "pk": 143, "fields": {"action_time": "2024-03-12T11:02:43.797Z", "user": 1, "content_type": 14, "object_id": "27", "object_repr": "CO 4, Network Security and Internet Technology", "action_flag": 2, "change_message": "[{\"changed\": {\"fields\": [\"Programme specific outcomes\"]}}]"}}, {"model": "admin.logentry", "pk": 144, "fields": {"action_time": "2024-03-12T11:04:39.154Z", "user": 1, "content_type": 14, "object_id": "1", "object_repr": "CO 1, Chemical Bonding and Coordination Chemistry", "action_flag": 2, "change_message": "[{\"changed\": {\"fields\": [\"Programme specific outcomes\"]}}]"}}, {"model": "admin.logentry", "pk": 145, "fields": {"action_time": "2024-03-12T11:04:46.006Z", "user": 1, "content_type": 14, "object_id": "2", "object_repr": "CO 2, Chemical Bonding and Coordination Chemistry", "action_flag": 2, "change_message": "[{\"changed\": {\"fields\": [\"Programme specific outcomes\"]}}]"}}, {"model": "admin.logentry", "pk": 146, "fields": {"action_time": "2024-03-12T11:04:55.413Z", "user": 1, "content_type": 14, "object_id": "15", "object_repr": "CO 3, Computer Graphics", "action_flag": 2, "change_message": "[{\"changed\": {\"fields\": [\"Programme specific outcomes\"]}}]"}}, {"model": "admin.logentry", "pk": 147, "fields": {"action_time": "2024-03-12T11:05:11.813Z", "user": 1, "content_type": 14, "object_id": "16", "object_repr": "CO 4, Computer Graphics", "action_flag": 2, "change_message": "[{\"changed\": {\"fields\": [\"Programme specific outcomes\"]}}]"}}, {"model": "admin.logentry", "pk": 148, "fields": {"action_time": "2024-03-12T11:06:13.549Z", "user": 1, "content_type": 14, "object_id": "15", "object_repr": "CO 3, Computer Graphics", "action_flag": 2, "change_message": "[{\"changed\": {\"fields\": [\"Programme specific outcomes\"]}}]"}}, {"model": "admin.logentry", "pk": 149, "fields": {"action_time": "2024-03-12T11:06:34.527Z", "user": 1, "content_type": 14, "object_id": "16", "object_repr": "CO 4, Computer Graphics", "action_flag": 2, "change_message": "[{\"changed\": {\"fields\": [\"Programme specific outcomes\"]}}]"}}, {"model": "admin.logentry", "pk": 150, "fields": {"action_time": "2024-03-12T11:07:08.763Z", "user": 1, "content_type": 14, "object_id": "3", "object_repr": "CO 3, Chemical Bonding and Coordination Chemistry", "action_flag": 2, "change_message": "[{\"changed\": {\"fields\": [\"Programme specific outcomes\"]}}]"}}, {"model": "admin.logentry", "pk": 151, "fields": {"action_time": "2024-03-12T11:07:31.138Z", "user": 1, "content_type": 14, "object_id": "4", "object_repr": "CO 4, Chemical Bonding and Coordination Chemistry", "action_flag": 2, "change_message": "[{\"changed\": {\"fields\": [\"Programme specific outcomes\"]}}]"}}, {"model": "admin.logentry", "pk": 152, "fields": {"action_time": "2024-03-12T11:07:43.107Z", "user": 1, "content_type": 14, "object_id": "5", "object_repr": "CO 5, Chemical Bonding and Coordination Chemistry", "action_flag": 2, "change_message": "[{\"changed\": {\"fields\": [\"Programme specific outcomes\"]}}]"}}, {"model": "admin.logentry", "pk": 153, "fields": {"action_time": "2024-03-12T11:07:54.394Z", "user": 1, "content_type": 14, "object_id": "6", "object_repr": "CO 6, Chemical Bonding and Coordination Chemistry", "action_flag": 2, "change_message": "[{\"changed\": {\"fields\": [\"Programme specific outcomes\"]}}]"}}, {"model": "admin.logentry", "pk": 154, "fields": {"action_time": "2024-03-12T11:08:18.189Z", "user": 1, "content_type": 14, "object_id": "7", "object_repr": "CO 7, Chemical Bonding and Coordination Chemistry", "action_flag": 2, "change_message": "[{\"changed\": {\"fields\": [\"Programme specific outcomes\"]}}]"}}, {"model": "admin.logentry", "pk": 155, "fields": {"action_time": "2024-03-13T11:39:38.006Z", "user": 1, "content_type": 14, "object_id": "13", "object_repr": "CO 1, Computer Graphics", "action_flag": 2, "change_message": "[{\"changed\": {\"fields\": [\"Programme outcomes\"]}}]"}}, {"model": "admin.logentry", "pk": 156, "fields": {"action_time": "2024-03-13T11:58:55.269Z", "user": 1, "content_type": 14, "object_id": "8", "object_repr": "CO 1, Professional Communication Skills", "action_flag": 2, "change_message": "[{\"changed\": {\"fields\": [\"Programme specific outcomes\", \"Programme outcomes\"]}}]"}}, {"model": "admin.logentry", "pk": 157, "fields": {"action_time": "2024-03-13T12:12:08.264Z", "user": 1, "content_type": 14, "object_id": "8", "object_repr": "CO 1, Professional Communication Skills", "action_flag": 2, "change_message": "[{\"changed\": {\"fields\": [\"Programme outcomes\"]}}]"}}, {"model": "admin.logentry", "pk": 158, "fields": {"action_time": "2024-03-13T13:53:44.788Z", "user": 1, "content_type": 14, "object_id": "8", "object_repr": "CO 1, Professional Communication Skills", "action_flag": 2, "change_message": "[{\"changed\": {\"fields\": [\"Programme outcomes\"]}}]"}}, {"model": "admin.logentry", "pk": 159, "fields": {"action_time": "2024-03-13T13:58:27.746Z", "user": 1, "content_type": 14, "object_id": "8", "object_repr": "CO 1, Professional Communication Skills", "action_flag": 2, "change_message": "[{\"changed\": {\"fields\": [\"Programme outcomes\"]}}]"}}, {"model": "admin.logentry", "pk": 160, "fields": {"action_time": "2024-03-13T14:00:12.097Z", "user": 1, "content_type": 14, "object_id": "8", "object_repr": "CO 1, Professional Communication Skills", "action_flag": 2, "change_message": "[{\"changed\": {\"fields\": [\"Programme outcomes\"]}}]"}}, {"model": "admin.logentry", "pk": 161, "fields": {"action_time": "2024-03-13T14:27:30.106Z", "user": 1, "content_type": 14, "object_id": "8", "object_repr": "CO 1, Professional Communication Skills", "action_flag": 2, "change_message": "[{\"changed\": {\"fields\": [\"Programme outcomes\"]}}]"}}, {"model": "admin.logentry", "pk": 162, "fields": {"action_time": "2024-03-13T14:35:50.042Z", "user": 1, "content_type": 14, "object_id": "8", "object_repr": "CO 1, Professional Communication Skills", "action_flag": 2, "change_message": "[{\"changed\": {\"fields\": [\"Programme outcomes\"]}}]"}}, {"model": "admin.logentry", "pk": 163, "fields": {"action_time": "2024-03-13T14:37:38.545Z", "user": 1, "content_type": 14, "object_id": "8", "object_repr": "CO 1, Professional Communication Skills", "action_flag": 2, "change_message": "[{\"changed\": {\"fields\": [\"Programme outcomes\"]}}]"}}, {"model": "admin.logentry", "pk": 164, "fields": {"action_time": "2024-03-13T15:00:43.653Z", "user": 1, "content_type": 14, "object_id": "8", "object_repr": "CO 1, Professional Communication Skills", "action_flag": 2, "change_message": "[{\"changed\": {\"fields\": [\"Programme outcomes\"]}}]"}}, {"model": "admin.logentry", "pk": 165, "fields": {"action_time": "2024-03-13T15:01:18.011Z", "user": 1, "content_type": 14, "object_id": "8", "object_repr": "CO 1, Professional Communication Skills", "action_flag": 2, "change_message": "[{\"changed\": {\"fields\": [\"Programme outcomes\"]}}]"}}, {"model": "admin.logentry", "pk": 166, "fields": {"action_time": "2024-03-13T15:07:36.766Z", "user": 1, "content_type": 14, "object_id": "8", "object_repr": "CO 1, Professional Communication Skills", "action_flag": 2, "change_message": "[{\"changed\": {\"fields\": [\"Programme specific outcomes\"]}}]"}}, {"model": "admin.logentry", "pk": 167, "fields": {"action_time": "2024-03-13T15:28:28.781Z", "user": 1, "content_type": 14, "object_id": "13", "object_repr": "CO 1, Computer Graphics", "action_flag": 2, "change_message": "[{\"changed\": {\"fields\": [\"Programme specific outcomes\", \"Programme outcomes\"]}}]"}}, {"model": "admin.logentry", "pk": 168, "fields": {"action_time": "2024-03-13T16:13:19.407Z", "user": 1, "content_type": 14, "object_id": "8", "object_repr": "CO 1, Professional Communication Skills", "action_flag": 2, "change_message": "[{\"changed\": {\"fields\": [\"Programme outcomes\"]}}]"}}, {"model": "admin.logentry", "pk": 169, "fields": {"action_time": "2024-03-13T16:38:31.296Z", "user": 1, "content_type": 14, "object_id": "8", "object_repr": "CO 1, Professional Communication Skills", "action_flag": 2, "change_message": "[{\"changed\": {\"fields\": [\"Programme outcomes\"]}}]"}}, {"model": "admin.logentry", "pk": 170, "fields": {"action_time": "2024-03-16T12:52:01.449Z", "user": 1, "content_type": 6, "object_id": "36", "object_repr": "jhope@gmail.com", "action_flag": 3, "change_message": ""}}, {"model": "admin.logentry", "pk": 171, "fields": {"action_time": "2024-03-16T14:58:49.508Z", "user": 1, "content_type": 7, "object_id": "2", "object_repr": "IT", "action_flag": 2, "change_message": "[{\"changed\": {\"fields\": [\"Name\"]}}]"}}, {"model": "admin.logentry", "pk": 172, "fields": {"action_time": "2024-03-16T14:59:05.940Z", "user": 1, "content_type": 6, "object_id": "33", "object_repr": "jin@gmail.com", "action_flag": 2, "change_message": "[{\"changed\": {\"fields\": [\"Department\"]}}]"}}, {"model": "admin.logentry", "pk": 173, "fields": {"action_time": "2024-03-16T14:59:16.310Z", "user": 1, "content_type": 6, "object_id": "35", "object_repr": "magnus@gmail.com", "action_flag": 2, "change_message": "[{\"changed\": {\"fields\": [\"Department\"]}}]"}}, {"model": "admin.logentry", "pk": 174, "fields": {"action_time": "2024-03-30T13:34:44.279Z", "user": 1, "content_type": 20, "object_id": "1", "object_repr": "Course_Programme_Outcome object (1)", "action_flag": 1, "change_message": "[{\"added\": {}}]"}}, {"model": "admin.logentry", "pk": 175, "fields": {"action_time": "2024-03-30T13:53:17.312Z", "user": 1, "content_type": 20, "object_id": "2", "object_repr": "Course: SITS0501, Network Security and Internet Technology,PO: PO 5, Strength: 1", "action_flag": 1, "change_message": "[{\"added\": {}}]"}}, {"model": "admin.logentry", "pk": 176, "fields": {"action_time": "2024-03-30T13:54:21.287Z", "user": 1, "content_type": 20, "object_id": "2", "object_repr": "Course: SITS0501, Network Security and Internet Technology,PO: PO 1, Strength: 1", "action_flag": 2, "change_message": "[{\"changed\": {\"fields\": [\"Programme outcome\"]}}]"}}, {"model": "admin.logentry", "pk": 177, "fields": {"action_time": "2024-03-30T13:54:37.371Z", "user": 1, "content_type": 20, "object_id": "2", "object_repr": "Course: SITS0501, Network Security and Internet Technology,PO: PO 6, Strength: 1", "action_flag": 2, "change_message": "[{\"changed\": {\"fields\": [\"Programme outcome\"]}}]"}}, {"model": "admin.logentry", "pk": 178, "fields": {"action_time": "2024-04-09T06:16:17.605Z", "user": 1, "content_type": 19, "object_id": "1", "object_repr": "2022-2023 --> SITS0501", "action_flag": 1, "change_message": "[{\"added\": {}}]"}}, {"model": "admin.logentry", "pk": 179, "fields": {"action_time": "2024-04-09T06:16:30.387Z", "user": 1, "content_type": 19, "object_id": "2", "object_repr": "2021-2022 --> SITS0501", "action_flag": 1, "change_message": "[{\"added\": {}}]"}}, {"model": "admin.logentry", "pk": 180, "fields": {"action_time": "2024-04-09T11:28:53.559Z", "user": 1, "content_type": 19, "object_id": "3", "object_repr": "2019-2020 --> SITS0101", "action_flag": 1, "change_message": "[{\"added\": {}}]"}}, {"model": "admin.logentry", "pk": 181, "fields": {"action_time": "2024-04-09T11:30:59.896Z", "user": 1, "content_type": 19, "object_id": "3", "object_repr": "2019-2020 --> SITS0101", "action_flag": 3, "change_message": ""}}, {"model": "admin.logentry", "pk": 182, "fields": {"action_time": "2024-04-09T11:31:17.281Z", "user": 1, "content_type": 19, "object_id": "4", "object_repr": "2020-2021 --> SITS0501", "action_flag": 1, "change_message": "[{\"added\": {}}]"}}, {"model": "admin.logentry", "pk": 183, "fields": {"action_time": "2024-04-09T11:32:54.880Z", "user": 1, "content_type": 19, "object_id": "5", "object_repr": "2020-2021 --> SITS0101", "action_flag": 1, "change_message": "[{\"added\": {}}]"}}, {"model": "admin.logentry", "pk": 184, "fields": {"action_time": "2024-04-09T11:33:05.394Z", "user": 1, "content_type": 19, "object_id": "6", "object_repr": "2021-2022 --> SITS0101", "action_flag": 1, "change_message": "[{\"added\": {}}]"}}, {"model": "admin.logentry", "pk": 185, "fields": {"action_time": "2024-04-09T11:33:23.546Z", "user": 1, "content_type": 19, "object_id": "7", "object_repr": "2022-2023 --> SITS0101", "action_flag": 1, "change_message": "[{\"added\": {}}]"}}, {"model": "admin.logentry", "pk": 186, "fields": {"action_time": "2024-04-09T14:57:35.793Z", "user": 1, "content_type": 6, "object_id": "37", "object_repr": "jungkook@gmail.com", "action_flag": 3, "change_message": ""}}, {"model": "admin.logentry", "pk": 187, "fields": {"action_time": "2024-04-09T15:33:58.602Z", "user": 1, "content_type": 6, "object_id": "38", "object_repr": "suga@gmail.com", "action_flag": 3, "change_message": ""}}, {"model": "admin.logentry", "pk": 188, "fields": {"action_time": "2024-04-09T16:57:53.846Z", "user": 1, "content_type": 6, "object_id": "39", "object_repr": "suga@gmail.com", "action_flag": 3, "change_message": ""}}, {"model": "admin.logentry", "pk": 189, "fields": {"action_time": "2024-04-09T16:59:47.641Z", "user": 1, "content_type": 6, "object_id": "40", "object_repr": "suga@gmail.com", "action_flag": 3, "change_message": ""}}, {"model": "admin.logentry", "pk": 190, "fields": {"action_time": "2024-04-10T06:58:32.374Z", "user": 1, "content_type": 18, "object_id": "161", "object_repr": "Student object (161)", "action_flag": 3, "change_message": ""}}, {"model": "admin.logentry", "pk": 191, "fields": {"action_time": "2024-04-10T06:58:32.381Z", "user": 1, "content_type": 18, "object_id": "160", "object_repr": "Student object (160)", "action_flag": 3, "change_message": ""}}, {"model": "admin.logentry", "pk": 192, "fields": {"action_time": "2024-04-10T06:58:32.388Z", "user": 1, "content_type": 18, "object_id": "159", "object_repr": "Student object (159)", "action_flag": 3, "change_message": ""}}, {"model": "admin.logentry", "pk": 193, "fields": {"action_time": "2024-04-10T06:58:32.396Z", "user": 1, "content_type": 18, "object_id": "158", "object_repr": "Student object (158)", "action_flag": 3, "change_message": ""}}, {"model": "admin.logentry", "pk": 194, "fields": {"action_time": "2024-04-10T06:58:32.402Z", "user": 1, "content_type": 18, "object_id": "157", "object_repr": "Student object (157)", "action_flag": 3, "change_message": ""}}, {"model": "admin.logentry", "pk": 195, "fields": {"action_time": "2024-04-10T06:58:32.410Z", "user": 1, "content_type": 18, "object_id": "156", "object_repr": "Student object (156)", "action_flag": 3, "change_message": ""}}, {"model": "admin.logentry", "pk": 196, "fields": {"action_time": "2024-04-10T06:58:32.416Z", "user": 1, "content_type": 18, "object_id": "155", "object_repr": "Student object (155)", "action_flag": 3, "change_message": ""}}, {"model": "admin.logentry", "pk": 197, "fields": {"action_time": "2024-04-10T06:58:32.422Z", "user": 1, "content_type": 18, "object_id": "154", "object_repr": "Student object (154)", "action_flag": 3, "change_message": ""}}, {"model": "admin.logentry", "pk": 198, "fields": {"action_time": "2024-04-10T06:58:32.430Z", "user": 1, "content_type": 18, "object_id": "153", "object_repr": "Student object (153)", "action_flag": 3, "change_message": ""}}, {"model": "admin.logentry", "pk": 199, "fields": {"action_time": "2024-04-10T06:58:32.436Z", "user": 1, "content_type": 18, "object_id": "152", "object_repr": "Student object (152)", "action_flag": 3, "change_message": ""}}, {"model": "admin.logentry", "pk": 200, "fields": {"action_time": "2024-04-10T06:58:32.443Z", "user": 1, "content_type": 18, "object_id": "151", "object_repr": "Student object (151)", "action_flag": 3, "change_message": ""}}, {"model": "admin.logentry", "pk": 201, "fields": {"action_time": "2024-04-10T06:58:32.450Z", "user": 1, "content_type": 18, "object_id": "150", "object_repr": "Student object (150)", "action_flag": 3, "change_message": ""}}, {"model": "admin.logentry", "pk": 202, "fields": {"action_time": "2024-04-10T06:58:32.456Z", "user": 1, "content_type": 18, "object_id": "149", "object_repr": "Student object (149)", "action_flag": 3, "change_message": ""}}, {"model": "admin.logentry", "pk": 203, "fields": {"action_time": "2024-04-10T06:58:32.462Z", "user": 1, "content_type": 18, "object_id": "148", "object_repr": "Student object (148)", "action_flag": 3, "change_message": ""}}, {"model": "admin.logentry", "pk": 204, "fields": {"action_time": "2024-04-10T06:58:32.468Z", "user": 1, "content_type": 18, "object_id": "147", "object_repr": "Student object (147)", "action_flag": 3, "change_message": ""}}, {"model": "admin.logentry", "pk": 205, "fields": {"action_time": "2024-04-10T06:58:32.477Z", "user": 1, "content_type": 18, "object_id": "146", "object_repr": "Student object (146)", "action_flag": 3, "change_message": ""}}, {"model": "admin.logentry", "pk": 206, "fields": {"action_time": "2024-04-10T06:58:32.483Z", "user": 1, "content_type": 18, "object_id": "145", "object_repr": "Student object (145)", "action_flag": 3, "change_message": ""}}, {"model": "admin.logentry", "pk": 207, "fields": {"action_time": "2024-04-10T06:58:32.489Z", "user": 1, "content_type": 18, "object_id": "144", "object_repr": "Student object (144)", "action_flag": 3, "change_message": ""}}, {"model": "admin.logentry", "pk": 208, "fields": {"action_time": "2024-04-10T06:58:32.495Z", "user": 1, "content_type": 18, "object_id": "143", "object_repr": "Student object (143)", "action_flag": 3, "change_message": ""}}, {"model": "admin.logentry", "pk": 209, "fields": {"action_time": "2024-04-10T06:58:32.501Z", "user": 1, "content_type": 18, "object_id": "142", "object_repr": "Student object (142)", "action_flag": 3, "change_message": ""}}, {"model": "admin.logentry", "pk": 210, "fields": {"action_time": "2024-04-10T06:58:32.510Z", "user": 1, "content_type": 18, "object_id": "141", "object_repr": "Student object (141)", "action_flag": 3, "change_message": ""}}, {"model": "admin.logentry", "pk": 211, "fields": {"action_time": "2024-04-10T06:58:32.516Z", "user": 1, "content_type": 18, "object_id": "140", "object_repr": "Student object (140)", "action_flag": 3, "change_message": ""}}, {"model": "admin.logentry", "pk": 212, "fields": {"action_time": "2024-04-10T06:58:32.524Z", "user": 1, "content_type": 18, "object_id": "139", "object_repr": "Student object (139)", "action_flag": 3, "change_message": ""}}, {"model": "admin.logentry", "pk": 213, "fields": {"action_time": "2024-04-10T06:58:32.531Z", "user": 1, "content_type": 18, "object_id": "138", "object_repr": "Student object (138)", "action_flag": 3, "change_message": ""}}, {"model": "admin.logentry", "pk": 214, "fields": {"action_time": "2024-04-10T06:58:32.537Z", "user": 1, "content_type": 18, "object_id": "137", "object_repr": "Student object (137)", "action_flag": 3, "change_message": ""}}, {"model": "admin.logentry", "pk": 215, "fields": {"action_time": "2024-04-10T06:58:32.544Z", "user": 1, "content_type": 18, "object_id": "136", "object_repr": "Student object (136)", "action_flag": 3, "change_message": ""}}, {"model": "admin.logentry", "pk": 216, "fields": {"action_time": "2024-04-10T06:58:32.550Z", "user": 1, "content_type": 18, "object_id": "135", "object_repr": "Student object (135)", "action_flag": 3, "change_message": ""}}, {"model": "admin.logentry", "pk": 217, "fields": {"action_time": "2024-04-10T06:58:32.557Z", "user": 1, "content_type": 18, "object_id": "134", "object_repr": "Student object (134)", "action_flag": 3, "change_message": ""}}, {"model": "admin.logentry", "pk": 218, "fields": {"action_time": "2024-04-10T06:58:32.563Z", "user": 1, "content_type": 18, "object_id": "133", "object_repr": "Student object (133)", "action_flag": 3, "change_message": ""}}, {"model": "admin.logentry", "pk": 219, "fields": {"action_time": "2024-04-10T06:58:32.569Z", "user": 1, "content_type": 18, "object_id": "132", "object_repr": "Student object (132)", "action_flag": 3, "change_message": ""}}, {"model": "admin.logentry", "pk": 220, "fields": {"action_time": "2024-04-10T06:58:32.575Z", "user": 1, "content_type": 18, "object_id": "131", "object_repr": "Student object (131)", "action_flag": 3, "change_message": ""}}, {"model": "admin.logentry", "pk": 221, "fields": {"action_time": "2024-04-10T06:58:32.581Z", "user": 1, "content_type": 18, "object_id": "130", "object_repr": "Student object (130)", "action_flag": 3, "change_message": ""}}, {"model": "admin.logentry", "pk": 222, "fields": {"action_time": "2024-04-10T06:58:32.588Z", "user": 1, "content_type": 18, "object_id": "129", "object_repr": "Student object (129)", "action_flag": 3, "change_message": ""}}, {"model": "admin.logentry", "pk": 223, "fields": {"action_time": "2024-04-10T06:58:32.595Z", "user": 1, "content_type": 18, "object_id": "128", "object_repr": "Student object (128)", "action_flag": 3, "change_message": ""}}, {"model": "admin.logentry", "pk": 224, "fields": {"action_time": "2024-04-10T06:58:32.601Z", "user": 1, "content_type": 18, "object_id": "127", "object_repr": "Student object (127)", "action_flag": 3, "change_message": ""}}, {"model": "admin.logentry", "pk": 225, "fields": {"action_time": "2024-04-10T06:58:32.608Z", "user": 1, "content_type": 18, "object_id": "126", "object_repr": "Student object (126)", "action_flag": 3, "change_message": ""}}, {"model": "admin.logentry", "pk": 226, "fields": {"action_time": "2024-04-10T06:58:32.614Z", "user": 1, "content_type": 18, "object_id": "125", "object_repr": "Student object (125)", "action_flag": 3, "change_message": ""}}, {"model": "admin.logentry", "pk": 227, "fields": {"action_time": "2024-04-10T06:58:32.620Z", "user": 1, "content_type": 18, "object_id": "124", "object_repr": "Student object (124)", "action_flag": 3, "change_message": ""}}, {"model": "admin.logentry", "pk": 228, "fields": {"action_time": "2024-04-10T06:58:32.627Z", "user": 1, "content_type": 18, "object_id": "123", "object_repr": "Student object (123)", "action_flag": 3, "change_message": ""}}, {"model": "admin.logentry", "pk": 229, "fields": {"action_time": "2024-04-10T06:58:32.633Z", "user": 1, "content_type": 18, "object_id": "122", "object_repr": "Student object (122)", "action_flag": 3, "change_message": ""}}, {"model": "admin.logentry", "pk": 230, "fields": {"action_time": "2024-04-10T06:58:32.639Z", "user": 1, "content_type": 18, "object_id": "121", "object_repr": "Student object (121)", "action_flag": 3, "change_message": ""}}, {"model": "admin.logentry", "pk": 231, "fields": {"action_time": "2024-04-10T06:58:32.645Z", "user": 1, "content_type": 18, "object_id": "120", "object_repr": "Student object (120)", "action_flag": 3, "change_message": ""}}, {"model": "admin.logentry", "pk": 232, "fields": {"action_time": "2024-04-10T06:58:32.651Z", "user": 1, "content_type": 18, "object_id": "119", "object_repr": "Student object (119)", "action_flag": 3, "change_message": ""}}, {"model": "admin.logentry", "pk": 233, "fields": {"action_time": "2024-04-10T06:58:32.657Z", "user": 1, "content_type": 18, "object_id": "118", "object_repr": "Student object (118)", "action_flag": 3, "change_message": ""}}, {"model": "admin.logentry", "pk": 234, "fields": {"action_time": "2024-04-10T06:58:32.664Z", "user": 1, "content_type": 18, "object_id": "117", "object_repr": "Student object (117)", "action_flag": 3, "change_message": ""}}, {"model": "admin.logentry", "pk": 235, "fields": {"action_time": "2024-04-10T06:58:32.670Z", "user": 1, "content_type": 18, "object_id": "116", "object_repr": "Student object (116)", "action_flag": 3, "change_message": ""}}, {"model": "admin.logentry", "pk": 236, "fields": {"action_time": "2024-04-10T06:58:32.677Z", "user": 1, "content_type": 18, "object_id": "115", "object_repr": "Student object (115)", "action_flag": 3, "change_message": ""}}, {"model": "admin.logentry", "pk": 237, "fields": {"action_time": "2024-04-10T06:58:32.683Z", "user": 1, "content_type": 18, "object_id": "114", "object_repr": "Student object (114)", "action_flag": 3, "change_message": ""}}, {"model": "admin.logentry", "pk": 238, "fields": {"action_time": "2024-04-10T06:58:32.690Z", "user": 1, "content_type": 18, "object_id": "113", "object_repr": "Student object (113)", "action_flag": 3, "change_message": ""}}, {"model": "admin.logentry", "pk": 239, "fields": {"action_time": "2024-04-10T06:58:32.696Z", "user": 1, "content_type": 18, "object_id": "112", "object_repr": "Student object (112)", "action_flag": 3, "change_message": ""}}, {"model": "admin.logentry", "pk": 240, "fields": {"action_time": "2024-04-10T06:58:32.702Z", "user": 1, "content_type": 18, "object_id": "111", "object_repr": "Student object (111)", "action_flag": 3, "change_message": ""}}, {"model": "admin.logentry", "pk": 241, "fields": {"action_time": "2024-04-10T06:58:32.708Z", "user": 1, "content_type": 18, "object_id": "110", "object_repr": "Student object (110)", "action_flag": 3, "change_message": ""}}, {"model": "admin.logentry", "pk": 242, "fields": {"action_time": "2024-04-10T06:58:32.715Z", "user": 1, "content_type": 18, "object_id": "109", "object_repr": "Student object (109)", "action_flag": 3, "change_message": ""}}, {"model": "admin.logentry", "pk": 243, "fields": {"action_time": "2024-04-10T06:58:32.721Z", "user": 1, "content_type": 18, "object_id": "108", "object_repr": "Student object (108)", "action_flag": 3, "change_message": ""}}, {"model": "admin.logentry", "pk": 244, "fields": {"action_time": "2024-04-10T06:58:32.729Z", "user": 1, "content_type": 18, "object_id": "107", "object_repr": "Student object (107)", "action_flag": 3, "change_message": ""}}, {"model": "admin.logentry", "pk": 245, "fields": {"action_time": "2024-04-10T06:58:32.735Z", "user": 1, "content_type": 18, "object_id": "106", "object_repr": "Student object (106)", "action_flag": 3, "change_message": ""}}, {"model": "admin.logentry", "pk": 246, "fields": {"action_time": "2024-04-10T06:58:32.742Z", "user": 1, "content_type": 18, "object_id": "105", "object_repr": "Student object (105)", "action_flag": 3, "change_message": ""}}, {"model": "admin.logentry", "pk": 247, "fields": {"action_time": "2024-04-10T06:58:32.748Z", "user": 1, "content_type": 18, "object_id": "104", "object_repr": "Student object (104)", "action_flag": 3, "change_message": ""}}, {"model": "admin.logentry", "pk": 248, "fields": {"action_time": "2024-04-10T06:58:32.754Z", "user": 1, "content_type": 18, "object_id": "103", "object_repr": "Student object (103)", "action_flag": 3, "change_message": ""}}, {"model": "admin.logentry", "pk": 249, "fields": {"action_time": "2024-04-10T06:58:32.760Z", "user": 1, "content_type": 18, "object_id": "102", "object_repr": "Student object (102)", "action_flag": 3, "change_message": ""}}, {"model": "admin.logentry", "pk": 250, "fields": {"action_time": "2024-04-10T06:58:32.766Z", "user": 1, "content_type": 18, "object_id": "101", "object_repr": "Student object (101)", "action_flag": 3, "change_message": ""}}, {"model": "admin.logentry", "pk": 251, "fields": {"action_time": "2024-04-10T06:58:32.772Z", "user": 1, "content_type": 18, "object_id": "100", "object_repr": "Student object (100)", "action_flag": 3, "change_message": ""}}, {"model": "admin.logentry", "pk": 252, "fields": {"action_time": "2024-04-10T06:58:32.778Z", "user": 1, "content_type": 18, "object_id": "99", "object_repr": "Student object (99)", "action_flag": 3, "change_message": ""}}, {"model": "admin.logentry", "pk": 253, "fields": {"action_time": "2024-04-10T06:58:32.784Z", "user": 1, "content_type": 18, "object_id": "98", "object_repr": "Student object (98)", "action_flag": 3, "change_message": ""}}, {"model": "admin.logentry", "pk": 254, "fields": {"action_time": "2024-04-10T06:58:32.791Z", "user": 1, "content_type": 18, "object_id": "97", "object_repr": "Student object (97)", "action_flag": 3, "change_message": ""}}, {"model": "admin.logentry", "pk": 255, "fields": {"action_time": "2024-04-10T06:58:32.797Z", "user": 1, "content_type": 18, "object_id": "96", "object_repr": "Student object (96)", "action_flag": 3, "change_message": ""}}, {"model": "admin.logentry", "pk": 256, "fields": {"action_time": "2024-04-10T06:58:32.803Z", "user": 1, "content_type": 18, "object_id": "95", "object_repr": "Student object (95)", "action_flag": 3, "change_message": ""}}, {"model": "admin.logentry", "pk": 257, "fields": {"action_time": "2024-04-10T06:58:32.810Z", "user": 1, "content_type": 18, "object_id": "94", "object_repr": "Student object (94)", "action_flag": 3, "change_message": ""}}, {"model": "admin.logentry", "pk": 258, "fields": {"action_time": "2024-04-10T06:58:32.816Z", "user": 1, "content_type": 18, "object_id": "93", "object_repr": "Student object (93)", "action_flag": 3, "change_message": ""}}, {"model": "admin.logentry", "pk": 259, "fields": {"action_time": "2024-04-10T06:58:32.822Z", "user": 1, "content_type": 18, "object_id": "92", "object_repr": "Student object (92)", "action_flag": 3, "change_message": ""}}, {"model": "admin.logentry", "pk": 260, "fields": {"action_time": "2024-04-10T06:58:32.828Z", "user": 1, "content_type": 18, "object_id": "91", "object_repr": "Student object (91)", "action_flag": 3, "change_message": ""}}, {"model": "admin.logentry", "pk": 261, "fields": {"action_time": "2024-04-10T06:58:32.835Z", "user": 1, "content_type": 18, "object_id": "90", "object_repr": "Student object (90)", "action_flag": 3, "change_message": ""}}, {"model": "admin.logentry", "pk": 262, "fields": {"action_time": "2024-04-10T06:58:32.841Z", "user": 1, "content_type": 18, "object_id": "89", "object_repr": "Student object (89)", "action_flag": 3, "change_message": ""}}, {"model": "admin.logentry", "pk": 263, "fields": {"action_time": "2024-04-10T06:58:32.847Z", "user": 1, "content_type": 18, "object_id": "88", "object_repr": "Student object (88)", "action_flag": 3, "change_message": ""}}, {"model": "admin.logentry", "pk": 264, "fields": {"action_time": "2024-04-10T06:58:32.853Z", "user": 1, "content_type": 18, "object_id": "87", "object_repr": "Student object (87)", "action_flag": 3, "change_message": ""}}, {"model": "admin.logentry", "pk": 265, "fields": {"action_time": "2024-04-10T06:58:32.860Z", "user": 1, "content_type": 18, "object_id": "86", "object_repr": "Student object (86)", "action_flag": 3, "change_message": ""}}, {"model": "admin.logentry", "pk": 266, "fields": {"action_time": "2024-04-10T06:58:32.865Z", "user": 1, "content_type": 18, "object_id": "85", "object_repr": "Student object (85)", "action_flag": 3, "change_message": ""}}, {"model": "admin.logentry", "pk": 267, "fields": {"action_time": "2024-04-10T06:58:32.870Z", "user": 1, "content_type": 18, "object_id": "84", "object_repr": "Student object (84)", "action_flag": 3, "change_message": ""}}, {"model": "admin.logentry", "pk": 268, "fields": {"action_time": "2024-04-10T06:58:32.877Z", "user": 1, "content_type": 18, "object_id": "83", "object_repr": "Student object (83)", "action_flag": 3, "change_message": ""}}, {"model": "admin.logentry", "pk": 269, "fields": {"action_time": "2024-04-10T06:58:32.883Z", "user": 1, "content_type": 18, "object_id": "82", "object_repr": "Student object (82)", "action_flag": 3, "change_message": ""}}, {"model": "admin.logentry", "pk": 270, "fields": {"action_time": "2024-04-10T06:58:32.889Z", "user": 1, "content_type": 18, "object_id": "81", "object_repr": "Student object (81)", "action_flag": 3, "change_message": ""}}, {"model": "admin.logentry", "pk": 271, "fields": {"action_time": "2024-04-10T06:58:32.896Z", "user": 1, "content_type": 18, "object_id": "80", "object_repr": "Student object (80)", "action_flag": 3, "change_message": ""}}, {"model": "admin.logentry", "pk": 272, "fields": {"action_time": "2024-04-10T06:58:32.901Z", "user": 1, "content_type": 18, "object_id": "79", "object_repr": "Student object (79)", "action_flag": 3, "change_message": ""}}, {"model": "admin.logentry", "pk": 273, "fields": {"action_time": "2024-04-10T06:58:32.907Z", "user": 1, "content_type": 18, "object_id": "78", "object_repr": "Student object (78)", "action_flag": 3, "change_message": ""}}, {"model": "admin.logentry", "pk": 274, "fields": {"action_time": "2024-04-10T06:58:32.912Z", "user": 1, "content_type": 18, "object_id": "77", "object_repr": "Student object (77)", "action_flag": 3, "change_message": ""}}, {"model": "admin.logentry", "pk": 275, "fields": {"action_time": "2024-04-10T06:58:32.917Z", "user": 1, "content_type": 18, "object_id": "76", "object_repr": "Student object (76)", "action_flag": 3, "change_message": ""}}, {"model": "admin.logentry", "pk": 276, "fields": {"action_time": "2024-04-10T06:58:32.922Z", "user": 1, "content_type": 18, "object_id": "75", "object_repr": "Student object (75)", "action_flag": 3, "change_message": ""}}, {"model": "admin.logentry", "pk": 277, "fields": {"action_time": "2024-04-10T06:58:32.929Z", "user": 1, "content_type": 18, "object_id": "74", "object_repr": "Student object (74)", "action_flag": 3, "change_message": ""}}, {"model": "admin.logentry", "pk": 278, "fields": {"action_time": "2024-04-10T06:58:32.933Z", "user": 1, "content_type": 18, "object_id": "73", "object_repr": "Student object (73)", "action_flag": 3, "change_message": ""}}, {"model": "admin.logentry", "pk": 279, "fields": {"action_time": "2024-04-10T06:58:32.940Z", "user": 1, "content_type": 18, "object_id": "72", "object_repr": "Student object (72)", "action_flag": 3, "change_message": ""}}, {"model": "admin.logentry", "pk": 280, "fields": {"action_time": "2024-04-10T06:58:32.946Z", "user": 1, "content_type": 18, "object_id": "71", "object_repr": "Student object (71)", "action_flag": 3, "change_message": ""}}, {"model": "admin.logentry", "pk": 281, "fields": {"action_time": "2024-04-10T06:58:32.951Z", "user": 1, "content_type": 18, "object_id": "70", "object_repr": "Student object (70)", "action_flag": 3, "change_message": ""}}, {"model": "admin.logentry", "pk": 282, "fields": {"action_time": "2024-04-10T06:58:32.957Z", "user": 1, "content_type": 18, "object_id": "69", "object_repr": "Student object (69)", "action_flag": 3, "change_message": ""}}, {"model": "admin.logentry", "pk": 283, "fields": {"action_time": "2024-04-10T06:58:32.963Z", "user": 1, "content_type": 18, "object_id": "68", "object_repr": "Student object (68)", "action_flag": 3, "change_message": ""}}, {"model": "admin.logentry", "pk": 284, "fields": {"action_time": "2024-04-10T06:58:32.969Z", "user": 1, "content_type": 18, "object_id": "67", "object_repr": "Student object (67)", "action_flag": 3, "change_message": ""}}, {"model": "admin.logentry", "pk": 285, "fields": {"action_time": "2024-04-10T06:58:32.975Z", "user": 1, "content_type": 18, "object_id": "66", "object_repr": "Student object (66)", "action_flag": 3, "change_message": ""}}, {"model": "admin.logentry", "pk": 286, "fields": {"action_time": "2024-04-10T06:58:32.980Z", "user": 1, "content_type": 18, "object_id": "65", "object_repr": "Student object (65)", "action_flag": 3, "change_message": ""}}, {"model": "admin.logentry", "pk": 287, "fields": {"action_time": "2024-04-10T06:58:32.986Z", "user": 1, "content_type": 18, "object_id": "64", "object_repr": "Student object (64)", "action_flag": 3, "change_message": ""}}, {"model": "admin.logentry", "pk": 288, "fields": {"action_time": "2024-04-10T06:58:32.991Z", "user": 1, "content_type": 18, "object_id": "63", "object_repr": "Student object (63)", "action_flag": 3, "change_message": ""}}, {"model": "admin.logentry", "pk": 289, "fields": {"action_time": "2024-04-10T06:58:32.997Z", "user": 1, "content_type": 18, "object_id": "62", "object_repr": "Student object (62)", "action_flag": 3, "change_message": ""}}, {"model": "admin.logentry", "pk": 290, "fields": {"action_time": "2024-04-10T06:58:45.772Z", "user": 1, "content_type": 18, "object_id": "61", "object_repr": "Student object (61)", "action_flag": 3, "change_message": ""}}, {"model": "admin.logentry", "pk": 291, "fields": {"action_time": "2024-04-10T06:58:45.778Z", "user": 1, "content_type": 18, "object_id": "60", "object_repr": "Student object (60)", "action_flag": 3, "change_message": ""}}, {"model": "admin.logentry", "pk": 292, "fields": {"action_time": "2024-04-10T06:58:45.785Z", "user": 1, "content_type": 18, "object_id": "59", "object_repr": "Student object (59)", "action_flag": 3, "change_message": ""}}, {"model": "admin.logentry", "pk": 293, "fields": {"action_time": "2024-04-10T06:58:45.791Z", "user": 1, "content_type": 18, "object_id": "58", "object_repr": "Student object (58)", "action_flag": 3, "change_message": ""}}, {"model": "admin.logentry", "pk": 294, "fields": {"action_time": "2024-04-10T06:58:45.798Z", "user": 1, "content_type": 18, "object_id": "57", "object_repr": "Student object (57)", "action_flag": 3, "change_message": ""}}, {"model": "admin.logentry", "pk": 295, "fields": {"action_time": "2024-04-10T06:58:45.805Z", "user": 1, "content_type": 18, "object_id": "56", "object_repr": "Student object (56)", "action_flag": 3, "change_message": ""}}, {"model": "admin.logentry", "pk": 296, "fields": {"action_time": "2024-04-10T06:58:45.811Z", "user": 1, "content_type": 18, "object_id": "55", "object_repr": "Student object (55)", "action_flag": 3, "change_message": ""}}, {"model": "admin.logentry", "pk": 297, "fields": {"action_time": "2024-04-10T06:58:45.818Z", "user": 1, "content_type": 18, "object_id": "54", "object_repr": "Student object (54)", "action_flag": 3, "change_message": ""}}, {"model": "admin.logentry", "pk": 298, "fields": {"action_time": "2024-04-10T06:58:45.826Z", "user": 1, "content_type": 18, "object_id": "53", "object_repr": "Student object (53)", "action_flag": 3, "change_message": ""}}, {"model": "admin.logentry", "pk": 299, "fields": {"action_time": "2024-04-10T06:58:45.832Z", "user": 1, "content_type": 18, "object_id": "52", "object_repr": "Student object (52)", "action_flag": 3, "change_message": ""}}, {"model": "admin.logentry", "pk": 300, "fields": {"action_time": "2024-04-10T06:58:45.839Z", "user": 1, "content_type": 18, "object_id": "51", "object_repr": "Student object (51)", "action_flag": 3, "change_message": ""}}, {"model": "admin.logentry", "pk": 301, "fields": {"action_time": "2024-04-10T06:58:45.845Z", "user": 1, "content_type": 18, "object_id": "50", "object_repr": "Student object (50)", "action_flag": 3, "change_message": ""}}, {"model": "admin.logentry", "pk": 302, "fields": {"action_time": "2024-04-10T06:58:45.852Z", "user": 1, "content_type": 18, "object_id": "49", "object_repr": "Student object (49)", "action_flag": 3, "change_message": ""}}, {"model": "admin.logentry", "pk": 303, "fields": {"action_time": "2024-04-10T06:58:45.859Z", "user": 1, "content_type": 18, "object_id": "48", "object_repr": "Student object (48)", "action_flag": 3, "change_message": ""}}, {"model": "admin.logentry", "pk": 304, "fields": {"action_time": "2024-04-10T06:58:45.865Z", "user": 1, "content_type": 18, "object_id": "47", "object_repr": "Student object (47)", "action_flag": 3, "change_message": ""}}, {"model": "admin.logentry", "pk": 305, "fields": {"action_time": "2024-04-10T06:58:45.872Z", "user": 1, "content_type": 18, "object_id": "46", "object_repr": "Student object (46)", "action_flag": 3, "change_message": ""}}, {"model": "admin.logentry", "pk": 306, "fields": {"action_time": "2024-04-10T06:58:45.878Z", "user": 1, "content_type": 18, "object_id": "45", "object_repr": "Student object (45)", "action_flag": 3, "change_message": ""}}, {"model": "admin.logentry", "pk": 307, "fields": {"action_time": "2024-04-10T06:58:45.884Z", "user": 1, "content_type": 18, "object_id": "44", "object_repr": "Student object (44)", "action_flag": 3, "change_message": ""}}, {"model": "admin.logentry", "pk": 308, "fields": {"action_time": "2024-04-10T06:58:45.892Z", "user": 1, "content_type": 18, "object_id": "43", "object_repr": "Student object (43)", "action_flag": 3, "change_message": ""}}, {"model": "admin.logentry", "pk": 309, "fields": {"action_time": "2024-04-10T06:58:45.899Z", "user": 1, "content_type": 18, "object_id": "42", "object_repr": "Student object (42)", "action_flag": 3, "change_message": ""}}, {"model": "admin.logentry", "pk": 310, "fields": {"action_time": "2024-04-10T06:58:45.906Z", "user": 1, "content_type": 18, "object_id": "41", "object_repr": "Student object (41)", "action_flag": 3, "change_message": ""}}, {"model": "admin.logentry", "pk": 311, "fields": {"action_time": "2024-04-10T06:58:45.912Z", "user": 1, "content_type": 18, "object_id": "40", "object_repr": "Student object (40)", "action_flag": 3, "change_message": ""}}, {"model": "admin.logentry", "pk": 312, "fields": {"action_time": "2024-04-10T06:58:45.918Z", "user": 1, "content_type": 18, "object_id": "39", "object_repr": "Student object (39)", "action_flag": 3, "change_message": ""}}, {"model": "admin.logentry", "pk": 313, "fields": {"action_time": "2024-04-10T06:58:45.924Z", "user": 1, "content_type": 18, "object_id": "38", "object_repr": "Student object (38)", "action_flag": 3, "change_message": ""}}, {"model": "admin.logentry", "pk": 314, "fields": {"action_time": "2024-04-10T06:58:45.931Z", "user": 1, "content_type": 18, "object_id": "37", "object_repr": "Student object (37)", "action_flag": 3, "change_message": ""}}, {"model": "admin.logentry", "pk": 315, "fields": {"action_time": "2024-04-10T06:58:45.938Z", "user": 1, "content_type": 18, "object_id": "36", "object_repr": "Student object (36)", "action_flag": 3, "change_message": ""}}, {"model": "admin.logentry", "pk": 316, "fields": {"action_time": "2024-04-10T06:58:45.944Z", "user": 1, "content_type": 18, "object_id": "35", "object_repr": "Student object (35)", "action_flag": 3, "change_message": ""}}, {"model": "admin.logentry", "pk": 317, "fields": {"action_time": "2024-04-10T06:58:45.951Z", "user": 1, "content_type": 18, "object_id": "34", "object_repr": "Student object (34)", "action_flag": 3, "change_message": ""}}, {"model": "admin.logentry", "pk": 318, "fields": {"action_time": "2024-04-10T06:58:45.958Z", "user": 1, "content_type": 18, "object_id": "33", "object_repr": "Student object (33)", "action_flag": 3, "change_message": ""}}, {"model": "admin.logentry", "pk": 319, "fields": {"action_time": "2024-04-10T06:58:45.964Z", "user": 1, "content_type": 18, "object_id": "32", "object_repr": "Student object (32)", "action_flag": 3, "change_message": ""}}, {"model": "admin.logentry", "pk": 320, "fields": {"action_time": "2024-04-10T06:58:45.970Z", "user": 1, "content_type": 18, "object_id": "31", "object_repr": "Student object (31)", "action_flag": 3, "change_message": ""}}, {"model": "admin.logentry", "pk": 321, "fields": {"action_time": "2024-04-10T06:58:45.976Z", "user": 1, "content_type": 18, "object_id": "30", "object_repr": "Student object (30)", "action_flag": 3, "change_message": ""}}, {"model": "admin.logentry", "pk": 322, "fields": {"action_time": "2024-04-10T06:58:45.983Z", "user": 1, "content_type": 18, "object_id": "29", "object_repr": "Student object (29)", "action_flag": 3, "change_message": ""}}, {"model": "admin.logentry", "pk": 323, "fields": {"action_time": "2024-04-10T06:58:46.000Z", "user": 1, "content_type": 18, "object_id": "28", "object_repr": "Student object (28)", "action_flag": 3, "change_message": ""}}, {"model": "admin.logentry", "pk": 324, "fields": {"action_time": "2024-04-10T06:58:46.044Z", "user": 1, "content_type": 18, "object_id": "27", "object_repr": "Student object (27)", "action_flag": 3, "change_message": ""}}, {"model": "admin.logentry", "pk": 325, "fields": {"action_time": "2024-04-10T06:58:46.107Z", "user": 1, "content_type": 18, "object_id": "26", "object_repr": "Student object (26)", "action_flag": 3, "change_message": ""}}, {"model": "admin.logentry", "pk": 326, "fields": {"action_time": "2024-04-10T06:58:46.161Z", "user": 1, "content_type": 18, "object_id": "25", "object_repr": "Student object (25)", "action_flag": 3, "change_message": ""}}, {"model": "admin.logentry", "pk": 327, "fields": {"action_time": "2024-04-10T06:58:46.175Z", "user": 1, "content_type": 18, "object_id": "24", "object_repr": "Student object (24)", "action_flag": 3, "change_message": ""}}, {"model": "admin.logentry", "pk": 328, "fields": {"action_time": "2024-04-10T06:58:46.181Z", "user": 1, "content_type": 18, "object_id": "23", "object_repr": "Student object (23)", "action_flag": 3, "change_message": ""}}, {"model": "admin.logentry", "pk": 329, "fields": {"action_time": "2024-04-10T06:58:46.187Z", "user": 1, "content_type": 18, "object_id": "22", "object_repr": "Student object (22)", "action_flag": 3, "change_message": ""}}, {"model": "admin.logentry", "pk": 330, "fields": {"action_time": "2024-04-10T06:58:46.193Z", "user": 1, "content_type": 18, "object_id": "21", "object_repr": "Student object (21)", "action_flag": 3, "change_message": ""}}, {"model": "admin.logentry", "pk": 331, "fields": {"action_time": "2024-04-10T06:58:46.199Z", "user": 1, "content_type": 18, "object_id": "20", "object_repr": "Student object (20)", "action_flag": 3, "change_message": ""}}, {"model": "admin.logentry", "pk": 332, "fields": {"action_time": "2024-04-10T06:58:46.207Z", "user": 1, "content_type": 18, "object_id": "19", "object_repr": "Student object (19)", "action_flag": 3, "change_message": ""}}, {"model": "admin.logentry", "pk": 333, "fields": {"action_time": "2024-04-10T06:58:46.213Z", "user": 1, "content_type": 18, "object_id": "18", "object_repr": "Student object (18)", "action_flag": 3, "change_message": ""}}, {"model": "admin.logentry", "pk": 334, "fields": {"action_time": "2024-04-10T06:58:46.220Z", "user": 1, "content_type": 18, "object_id": "17", "object_repr": "Student object (17)", "action_flag": 3, "change_message": ""}}, {"model": "admin.logentry", "pk": 335, "fields": {"action_time": "2024-04-10T06:58:46.226Z", "user": 1, "content_type": 18, "object_id": "16", "object_repr": "Student object (16)", "action_flag": 3, "change_message": ""}}, {"model": "admin.logentry", "pk": 336, "fields": {"action_time": "2024-04-10T06:58:46.232Z", "user": 1, "content_type": 18, "object_id": "15", "object_repr": "Student object (15)", "action_flag": 3, "change_message": ""}}, {"model": "admin.logentry", "pk": 337, "fields": {"action_time": "2024-04-10T06:58:46.238Z", "user": 1, "content_type": 18, "object_id": "14", "object_repr": "Student object (14)", "action_flag": 3, "change_message": ""}}, {"model": "admin.logentry", "pk": 338, "fields": {"action_time": "2024-04-10T06:58:46.245Z", "user": 1, "content_type": 18, "object_id": "13", "object_repr": "Student object (13)", "action_flag": 3, "change_message": ""}}, {"model": "admin.logentry", "pk": 339, "fields": {"action_time": "2024-04-10T06:58:46.251Z", "user": 1, "content_type": 18, "object_id": "12", "object_repr": "Student object (12)", "action_flag": 3, "change_message": ""}}, {"model": "admin.logentry", "pk": 340, "fields": {"action_time": "2024-04-10T06:58:46.258Z", "user": 1, "content_type": 18, "object_id": "11", "object_repr": "Student object (11)", "action_flag": 3, "change_message": ""}}, {"model": "admin.logentry", "pk": 341, "fields": {"action_time": "2024-04-10T06:58:46.264Z", "user": 1, "content_type": 18, "object_id": "10", "object_repr": "Student object (10)", "action_flag": 3, "change_message": ""}}, {"model": "admin.logentry", "pk": 342, "fields": {"action_time": "2024-04-10T06:58:46.270Z", "user": 1, "content_type": 18, "object_id": "9", "object_repr": "Student object (9)", "action_flag": 3, "change_message": ""}}, {"model": "admin.logentry", "pk": 343, "fields": {"action_time": "2024-04-10T06:58:46.276Z", "user": 1, "content_type": 18, "object_id": "8", "object_repr": "Student object (8)", "action_flag": 3, "change_message": ""}}, {"model": "admin.logentry", "pk": 344, "fields": {"action_time": "2024-04-10T06:58:46.282Z", "user": 1, "content_type": 18, "object_id": "7", "object_repr": "Student object (7)", "action_flag": 3, "change_message": ""}}, {"model": "admin.logentry", "pk": 345, "fields": {"action_time": "2024-04-10T06:58:46.290Z", "user": 1, "content_type": 18, "object_id": "6", "object_repr": "Student object (6)", "action_flag": 3, "change_message": ""}}, {"model": "admin.logentry", "pk": 346, "fields": {"action_time": "2024-04-10T06:58:46.296Z", "user": 1, "content_type": 18, "object_id": "5", "object_repr": "Student object (5)", "action_flag": 3, "change_message": ""}}, {"model": "admin.logentry", "pk": 347, "fields": {"action_time": "2024-04-10T06:58:46.302Z", "user": 1, "content_type": 18, "object_id": "4", "object_repr": "Student object (4)", "action_flag": 3, "change_message": ""}}, {"model": "admin.logentry", "pk": 348, "fields": {"action_time": "2024-04-10T06:58:46.308Z", "user": 1, "content_type": 18, "object_id": "3", "object_repr": "Student object (3)", "action_flag": 3, "change_message": ""}}, {"model": "admin.logentry", "pk": 349, "fields": {"action_time": "2024-04-10T06:58:46.315Z", "user": 1, "content_type": 18, "object_id": "2", "object_repr": "Student object (2)", "action_flag": 3, "change_message": ""}}, {"model": "admin.logentry", "pk": 350, "fields": {"action_time": "2024-04-10T06:58:46.321Z", "user": 1, "content_type": 18, "object_id": "1", "object_repr": "Student object (1)", "action_flag": 3, "change_message": ""}}, {"model": "admin.logentry", "pk": 351, "fields": {"action_time": "2024-04-10T06:59:26.683Z", "user": 1, "content_type": 19, "object_id": "7", "object_repr": "2022-2023 --> SITS0101", "action_flag": 3, "change_message": ""}}, {"model": "admin.logentry", "pk": 352, "fields": {"action_time": "2024-04-10T06:59:26.690Z", "user": 1, "content_type": 19, "object_id": "6", "object_repr": "2021-2022 --> SITS0101", "action_flag": 3, "change_message": ""}}, {"model": "admin.logentry", "pk": 353, "fields": {"action_time": "2024-04-10T06:59:26.696Z", "user": 1, "content_type": 19, "object_id": "5", "object_repr": "2020-2021 --> SITS0101", "action_flag": 3, "change_message": ""}}, {"model": "admin.logentry", "pk": 354, "fields": {"action_time": "2024-04-10T06:59:26.703Z", "user": 1, "content_type": 19, "object_id": "4", "object_repr": "2020-2021 --> SITS0501", "action_flag": 3, "change_message": ""}}, {"model": "admin.logentry", "pk": 355, "fields": {"action_time": "2024-04-10T06:59:26.709Z", "user": 1, "content_type": 19, "object_id": "2", "object_repr": "2021-2022 --> SITS0501", "action_flag": 3, "change_message": ""}}, {"model": "admin.logentry", "pk": 356, "fields": {"action_time": "2024-04-10T06:59:26.716Z", "user": 1, "content_type": 19, "object_id": "1", "object_repr": "2022-2023 --> SITS0501", "action_flag": 3, "change_message": ""}}, {"model": "admin.logentry", "pk": 357, "fields": {"action_time": "2024-04-10T07:11:28.629Z", "user": 1, "content_type": 19, "object_id": "1", "object_repr": "Year 1 SITS0101 - IT (Passout: 2023)", "action_flag": 1, "change_message": "[{\"added\": {}}]"}}, {"model": "admin.logentry", "pk": 358, "fields": {"action_time": "2024-04-10T07:26:40.667Z", "user": 1, "content_type": 19, "object_id": "1", "object_repr": "Year 1 SITS0101 - IT (Passout: 2023)", "action_flag": 3, "change_message": ""}}, {"model": "admin.logentry", "pk": 359, "fields": {"action_time": "2024-04-10T07:29:40.984Z", "user": 1, "content_type": 21, "object_id": "1", "object_repr": "2023", "action_flag": 1, "change_message": "[{\"added\": {}}]"}}, {"model": "admin.logentry", "pk": 360, "fields": {"action_time": "2024-04-10T07:29:46.202Z", "user": 1, "content_type": 21, "object_id": "2", "object_repr": "2024", "action_flag": 1, "change_message": "[{\"added\": {}}]"}}, {"model": "admin.logentry", "pk": 361, "fields": {"action_time": "2024-04-10T07:30:22.546Z", "user": 1, "content_type": 19, "object_id": "1", "object_repr": "Year 1 SITS0101 - IT (Passout: 2023)", "action_flag": 1, "change_message": "[{\"added\": {}}]"}}, {"model": "admin.logentry", "pk": 362, "fields": {"action_time": "2024-04-10T09:21:36.544Z", "user": 1, "content_type": 19, "object_id": "1", "object_repr": "Year 1 SITS0101 - IT (Passout: 2023)", "action_flag": 3, "change_message": ""}}, {"model": "admin.logentry", "pk": 363, "fields": {"action_time": "2024-04-10T09:45:51.175Z", "user": 1, "content_type": 19, "object_id": "1", "object_repr": "SITS0101 (Passout: 2023)", "action_flag": 1, "change_message": "[{\"added\": {}}]"}}, {"model": "admin.logentry", "pk": 364, "fields": {"action_time": "2024-04-11T09:06:01.412Z", "user": 1, "content_type": 15, "object_id": "6", "object_repr": "(SITS0102) Applied Mathematics  I", "action_flag": 1, "change_message": "[{\"added\": {}}]"}}, {"model": "admin.logentry", "pk": 365, "fields": {"action_time": "2024-04-11T09:07:24.917Z", "user": 1, "content_type": 14, "object_id": "30", "object_repr": "CO 1, Applied Mathematics  I", "action_flag": 1, "change_message": "[{\"added\": {}}]"}}, {"model": "admin.logentry", "pk": 366, "fields": {"action_time": "2024-04-11T09:27:00.129Z", "user": 1, "content_type": 14, "object_id": "31", "object_repr": "CO 2, Applied Mathematics  I", "action_flag": 1, "change_message": "[{\"added\": {}}]"}}, {"model": "admin.logentry", "pk": 367, "fields": {"action_time": "2024-04-11T09:27:59.924Z", "user": 1, "content_type": 14, "object_id": "32", "object_repr": "CO 3, Applied Mathematics  I", "action_flag": 1, "change_message": "[{\"added\": {}}]"}}, {"model": "admin.logentry", "pk": 368, "fields": {"action_time": "2024-04-11T09:28:54.538Z", "user": 1, "content_type": 14, "object_id": "33", "object_repr": "CO 4, Applied Mathematics  I", "action_flag": 1, "change_message": "[{\"added\": {}}]"}}, {"model": "admin.logentry", "pk": 369, "fields": {"action_time": "2024-04-11T09:29:36.754Z", "user": 1, "content_type": 14, "object_id": "34", "object_repr": "CO 5, Applied Mathematics  I", "action_flag": 1, "change_message": "[{\"added\": {}}]"}}, {"model": "auth.permission", "pk": 1, "fields": {"name": "Can add log entry", "content_type": 1, "codename": "add_logentry"}}, {"model": "auth.permission", "pk": 2, "fields": {"name": "Can change log entry", "content_type": 1, "codename": "change_logentry"}}, {"model": "auth.permission", "pk": 3, "fields": {"name": "Can delete log entry", "content_type": 1, "codename": "delete_logentry"}}, {"model": "auth.permission", "pk": 4, "fields": {"name": "Can view log entry", "content_type": 1, "codename": "view_logentry"}}, {"model": "auth.permission", "pk": 5, "fields": {"name": "Can add permission", "content_type": 2, "codename": "add_permission"}}, {"model": "auth.permission", "pk": 6, "fields": {"name": "Can change permission", "content_type": 2, "codename": "change_permission"}}, {"model": "auth.permission", "pk": 7, "fields": {"name": "Can delete permission", "content_type": 2, "codename": "delete_permission"}}, {"model": "auth.permission", "pk": 8, "fields": {"name": "Can view permission", "content_type": 2, "codename": "view_permission"}}, {"model": "auth.permission", "pk": 9, "fields": {"name": "Can add group", "content_type": 3, "codename": "add_group"}}, {"model": "auth.permission", "pk": 10, "fields": {"name": "Can change group", "content_type": 3, "codename": "change_group"}}, {"model": "auth.permission", "pk": 11, "fields": {"name": "Can delete group", "content_type": 3, "codename": "delete_group"}}, {"model": "auth.permission", "pk": 12, "fields": {"name": "Can view group", "content_type": 3, "codename": "view_group"}}, {"model": "auth.permission", "pk": 13, "fields": {"name": "Can add content type", "content_type": 4, "codename": "add_contenttype"}}, {"model": "auth.permission", "pk": 14, "fields": {"name": "Can change content type", "content_type": 4, "codename": "change_contenttype"}}, {"model": "auth.permission", "pk": 15, "fields": {"name": "Can delete content type", "content_type": 4, "codename": "delete_contenttype"}}, {"model": "auth.permission", "pk": 16, "fields": {"name": "Can view content type", "content_type": 4, "codename": "view_contenttype"}}, {"model": "auth.permission", "pk": 17, "fields": {"name": "Can add session", "content_type": 5, "codename": "add_session"}}, {"model": "auth.permission", "pk": 18, "fields": {"name": "Can change session", "content_type": 5, "codename": "change_session"}}, {"model": "auth.permission", "pk": 19, "fields": {"name": "Can delete session", "content_type": 5, "codename": "delete_session"}}, {"model": "auth.permission", "pk": 20, "fields": {"name": "Can view session", "content_type": 5, "codename": "view_session"}}, {"model": "auth.permission", "pk": 21, "fields": {"name": "Can add user", "content_type": 6, "codename": "add_customuser"}}, {"model": "auth.permission", "pk": 22, "fields": {"name": "Can change user", "content_type": 6, "codename": "change_customuser"}}, {"model": "auth.permission", "pk": 23, "fields": {"name": "Can delete user", "content_type": 6, "codename": "delete_customuser"}}, {"model": "auth.permission", "pk": 24, "fields": {"name": "Can view user", "content_type": 6, "codename": "view_customuser"}}, {"model": "auth.permission", "pk": 25, "fields": {"name": "Can add department", "content_type": 7, "codename": "add_department"}}, {"model": "auth.permission", "pk": 26, "fields": {"name": "Can change department", "content_type": 7, "codename": "change_department"}}, {"model": "auth.permission", "pk": 27, "fields": {"name": "Can delete department", "content_type": 7, "codename": "delete_department"}}, {"model": "auth.permission", "pk": 28, "fields": {"name": "Can view department", "content_type": 7, "codename": "view_department"}}, {"model": "auth.permission", "pk": 29, "fields": {"name": "Can add programme", "content_type": 8, "codename": "add_programme"}}, {"model": "auth.permission", "pk": 30, "fields": {"name": "Can change programme", "content_type": 8, "codename": "change_programme"}}, {"model": "auth.permission", "pk": 31, "fields": {"name": "Can delete programme", "content_type": 8, "codename": "delete_programme"}}, {"model": "auth.permission", "pk": 32, "fields": {"name": "Can view programme", "content_type": 8, "codename": "view_programme"}}, {"model": "auth.permission", "pk": 33, "fields": {"name": "Can add semester", "content_type": 9, "codename": "add_semester"}}, {"model": "auth.permission", "pk": 34, "fields": {"name": "Can change semester", "content_type": 9, "codename": "change_semester"}}, {"model": "auth.permission", "pk": 35, "fields": {"name": "Can delete semester", "content_type": 9, "codename": "delete_semester"}}, {"model": "auth.permission", "pk": 36, "fields": {"name": "Can view semester", "content_type": 9, "codename": "view_semester"}}, {"model": "auth.permission", "pk": 37, "fields": {"name": "Can add year", "content_type": 10, "codename": "add_year"}}, {"model": "auth.permission", "pk": 38, "fields": {"name": "Can change year", "content_type": 10, "codename": "change_year"}}, {"model": "auth.permission", "pk": 39, "fields": {"name": "Can delete year", "content_type": 10, "codename": "delete_year"}}, {"model": "auth.permission", "pk": 40, "fields": {"name": "Can view year", "content_type": 10, "codename": "view_year"}}, {"model": "auth.permission", "pk": 41, "fields": {"name": "Can add programme_ outcome", "content_type": 11, "codename": "add_programme_outcome"}}, {"model": "auth.permission", "pk": 42, "fields": {"name": "Can change programme_ outcome", "content_type": 11, "codename": "change_programme_outcome"}}, {"model": "auth.permission", "pk": 43, "fields": {"name": "Can delete programme_ outcome", "content_type": 11, "codename": "delete_programme_outcome"}}, {"model": "auth.permission", "pk": 44, "fields": {"name": "Can view programme_ outcome", "content_type": 11, "codename": "view_programme_outcome"}}, {"model": "auth.permission", "pk": 45, "fields": {"name": "Can add programme_ specific", "content_type": 12, "codename": "add_programme_specific"}}, {"model": "auth.permission", "pk": 46, "fields": {"name": "Can change programme_ specific", "content_type": 12, "codename": "change_programme_specific"}}, {"model": "auth.permission", "pk": 47, "fields": {"name": "Can delete programme_ specific", "content_type": 12, "codename": "delete_programme_specific"}}, {"model": "auth.permission", "pk": 48, "fields": {"name": "Can view programme_ specific", "content_type": 12, "codename": "view_programme_specific"}}, {"model": "auth.permission", "pk": 49, "fields": {"name": "Can add programme_ specific_ outcome", "content_type": 13, "codename": "add_programme_specific_outcome"}}, {"model": "auth.permission", "pk": 50, "fields": {"name": "Can change programme_ specific_ outcome", "content_type": 13, "codename": "change_programme_specific_outcome"}}, {"model": "auth.permission", "pk": 51, "fields": {"name": "Can delete programme_ specific_ outcome", "content_type": 13, "codename": "delete_programme_specific_outcome"}}, {"model": "auth.permission", "pk": 52, "fields": {"name": "Can view programme_ specific_ outcome", "content_type": 13, "codename": "view_programme_specific_outcome"}}, {"model": "auth.permission", "pk": 53, "fields": {"name": "Can add course_ outcome", "content_type": 14, "codename": "add_course_outcome"}}, {"model": "auth.permission", "pk": 54, "fields": {"name": "Can change course_ outcome", "content_type": 14, "codename": "change_course_outcome"}}, {"model": "auth.permission", "pk": 55, "fields": {"name": "Can delete course_ outcome", "content_type": 14, "codename": "delete_course_outcome"}}, {"model": "auth.permission", "pk": 56, "fields": {"name": "Can view course_ outcome", "content_type": 14, "codename": "view_course_outcome"}}, {"model": "auth.permission", "pk": 57, "fields": {"name": "Can add course", "content_type": 15, "codename": "add_course"}}, {"model": "auth.permission", "pk": 58, "fields": {"name": "Can change course", "content_type": 15, "codename": "change_course"}}, {"model": "auth.permission", "pk": 59, "fields": {"name": "Can delete course", "content_type": 15, "codename": "delete_course"}}, {"model": "auth.permission", "pk": 60, "fields": {"name": "Can view course", "content_type": 15, "codename": "view_course"}}, {"model": "auth.permission", "pk": 61, "fields": {"name": "Can add product", "content_type": 16, "codename": "add_product"}}, {"model": "auth.permission", "pk": 62, "fields": {"name": "Can change product", "content_type": 16, "codename": "change_product"}}, {"model": "auth.permission", "pk": 63, "fields": {"name": "Can delete product", "content_type": 16, "codename": "delete_product"}}, {"model": "auth.permission", "pk": 64, "fields": {"name": "Can view product", "content_type": 16, "codename": "view_product"}}, {"model": "auth.permission", "pk": 65, "fields": {"name": "Can add data", "content_type": 17, "codename": "add_data"}}, {"model": "auth.permission", "pk": 66, "fields": {"name": "Can change data", "content_type": 17, "codename": "change_data"}}, {"model": "auth.permission", "pk": 67, "fields": {"name": "Can delete data", "content_type": 17, "codename": "delete_data"}}, {"model": "auth.permission", "pk": 68, "fields": {"name": "Can view data", "content_type": 17, "codename": "view_data"}}, {"model": "auth.permission", "pk": 69, "fields": {"name": "Can add student", "content_type": 18, "codename": "add_student"}}, {"model": "auth.permission", "pk": 70, "fields": {"name": "Can change student", "content_type": 18, "codename": "change_student"}}, {"model": "auth.permission", "pk": 71, "fields": {"name": "Can delete student", "content_type": 18, "codename": "delete_student"}}, {"model": "auth.permission", "pk": 72, "fields": {"name": "Can view student", "content_type": 18, "codename": "view_student"}}, {"model": "auth.permission", "pk": 73, "fields": {"name": "Can add file_ description", "content_type": 19, "codename": "add_file_description"}}, {"model": "auth.permission", "pk": 74, "fields": {"name": "Can change file_ description", "content_type": 19, "codename": "change_file_description"}}, {"model": "auth.permission", "pk": 75, "fields": {"name": "Can delete file_ description", "content_type": 19, "codename": "delete_file_description"}}, {"model": "auth.permission", "pk": 76, "fields": {"name": "Can view file_ description", "content_type": 19, "codename": "view_file_description"}}, {"model": "auth.permission", "pk": 77, "fields": {"name": "Can add course programme outcome", "content_type": 20, "codename": "add_courseprogrammeoutcome"}}, {"model": "auth.permission", "pk": 78, "fields": {"name": "Can change course programme outcome", "content_type": 20, "codename": "change_courseprogrammeoutcome"}}, {"model": "auth.permission", "pk": 79, "fields": {"name": "Can delete course programme outcome", "content_type": 20, "codename": "delete_courseprogrammeoutcome"}}, {"model": "auth.permission", "pk": 80, "fields": {"name": "Can view course programme outcome", "content_type": 20, "codename": "view_courseprogrammeoutcome"}}, {"model": "auth.permission", "pk": 81, "fields": {"name": "Can add course_ programme_ outcome", "content_type": 20, "codename": "add_course_programme_outcome"}}, {"model": "auth.permission", "pk": 82, "fields": {"name": "Can change course_ programme_ outcome", "content_type": 20, "codename": "change_course_programme_outcome"}}, {"model": "auth.permission", "pk": 83, "fields": {"name": "Can delete course_ programme_ outcome", "content_type": 20, "codename": "delete_course_programme_outcome"}}, {"model": "auth.permission", "pk": 84, "fields": {"name": "Can view course_ programme_ outcome", "content_type": 20, "codename": "view_course_programme_outcome"}}, {"model": "auth.permission", "pk": 85, "fields": {"name": "Can add passout year", "content_type": 21, "codename": "add_passoutyear"}}, {"model": "auth.permission", "pk": 86, "fields": {"name": "Can change passout year", "content_type": 21, "codename": "change_passoutyear"}}, {"model": "auth.permission", "pk": 87, "fields": {"name": "Can delete passout year", "content_type": 21, "codename": "delete_passoutyear"}}, {"model": "auth.permission", "pk": 88, "fields": {"name": "Can view passout year", "content_type": 21, "codename": "view_passoutyear"}}, {"model": "auth.permission", "pk": 89, "fields": {"name": "Can add attainment percentage", "content_type": 22, "codename": "add_attainmentpercentage"}}, {"model": "auth.permission", "pk": 90, "fields": {"name": "Can change attainment percentage", "content_type": 22, "codename": "change_attainmentpercentage"}}, {"model": "auth.permission", "pk": 91, "fields": {"name": "Can delete attainment percentage", "content_type": 22, "codename": "delete_attainmentpercentage"}}, {"model": "auth.permission", "pk": 92, "fields": {"name": "Can view attainment percentage", "content_type": 22, "codename": "view_attainmentpercentage"}}, {"model": "auth.group", "pk": 1, "fields": {"name": "Admin", "permissions": [1, 2, 3, 4, 65, 66, 67, 68, 61, 62, 63, 64, 9, 10, 11, 12, 5, 6, 7, 8, 69, 70, 71, 72, 13, 14, 15, 16, 17, 18, 19, 20, 57, 58, 59, 60, 53, 54, 55, 56, 25, 26, 27, 28, 29, 30, 31, 32, 41, 42, 43, 44, 45, 46, 47, 48, 49, 50, 51, 52, 33, 34, 35, 36, 37, 38, 39, 40, 21, 22, 23, 24]}}, {"model": "auth.group", "pk": 2, "fields": {"name": "hod", "permissions": []}}, {"model": "auth.group", "pk": 3, "fields": {"name": "teacher", "permissions": []}}, {"model": "contenttypes.contenttype", "pk": 1, "fields": {"app_label": "admin", "model": "logentry"}}, {"model": "contenttypes.contenttype", "pk": 2, "fields": {"app_label": "auth", "model": "permission"}}, {"model": "contenttypes.contenttype", "pk": 3, "fields": {"app_label": "auth", "model": "group"}}, {"model": "contenttypes.contenttype", "pk": 4, "fields": {"app_label": "contenttypes", "model": "contenttype"}}, {"model": "contenttypes.contenttype", "pk": 5, "fields": {"app_label": "sessions", "model": "session"}}, {"model": "contenttypes.contenttype", "pk": 6, "fields": {"app_label": "users", "model": "customuser"}}, {"model": "contenttypes.contenttype", "pk": 7, "fields": {"app_label": "techapp", "model": "department"}}, {"model": "contenttypes.contenttype", "pk": 8, "fields": {"app_label": "techapp", "model": "programme"}}, {"model": "contenttypes.contenttype", "pk": 9, "fields": {"app_label": "techapp", "model": "semester"}}, {"model": "contenttypes.contenttype", "pk": 10, "fields": {"app_label": "techapp", "model": "year"}}, {"model": "contenttypes.contenttype", "pk": 11, "fields": {"app_label": "techapp", "model": "programme_outcome"}}, {"model": "contenttypes.contenttype", "pk": 12, "fields": {"app_label": "techapp", "model": "programme_specific"}}, {"model": "contenttypes.contenttype", "pk": 13, "fields": {"app_label": "techapp", "model": "programme_specific_outcome"}}, {"model": "contenttypes.contenttype", "pk": 14, "fields": {"app_label": "techapp", "model": "course_outcome"}}, {"model": "contenttypes.contenttype", "pk": 15, "fields": {"app_label": "techapp", "model": "course"}}, {"model": "contenttypes.contenttype", "pk": 16, "fields": {"app_label": "attainment_status", "model": "product"}}, {"model": "contenttypes.contenttype", "pk": 17, "fields": {"app_label": "attainment_status", "model": "data"}}, {"model": "contenttypes.contenttype", "pk": 18, "fields": {"app_label": "charts", "model": "student"}}, {"model": "contenttypes.contenttype", "pk": 19, "fields": {"app_label": "charts", "model": "file_description"}}, {"model": "contenttypes.contenttype", "pk": 20, "fields": {"app_label": "techapp", "model": "course_programme_outcome"}}, {"model": "contenttypes.contenttype", "pk": 21, "fields": {"app_label": "charts", "model": "passoutyear"}}, {"model": "contenttypes.contenttype", "pk": 22, "fields": {"app_label": "charts", "model": "attainmentpercentage"}}, {"model": "sessions.session", "pk": "0sjgmki82ycknfsiwfeykatpp2m1t3fv", "fields": {"session_data": ".eJxVjMsOwiAQRf-FtSFAmc7g0r3fQAYYbNWUpI-V8d-1SRe6veec-1KRt3WI2yJzHIs6K6tOv1vi_JBpB-XO063p3KZ1HpPeFX3QRV9bkeflcP8OBl6Gb913oVThSkGc9YAsHbKjil1CqEGKARJBUxxQLykHJLJEHsFD8t6o9wfrxTd0:1ryYXa:Z1pAUBh6zOSsu4KYYzerbUS6dnW-PewAdLQXSnF3iHI", "expire_date": "2024-05-05T14:51:38.924Z"}}, {"model": "sessions.session", "pk": "3d8u9u9in0978ffhv20kctknfd4is0pf", "fields": {"session_data": ".eJxVjDsOwjAQBe_iGlnZ4C8lfc5g7XrXJIASKU4qxN3BUgqonvRmNC-VcN_GtFdZ08TqokCdfj_C_JC5Ab7jfFt0XuZtnUg3RR-06mFheV4P9y8wYh1blnuI4IWNI4rYiY8lGNNTMAyAZ2szRO8ol--IZY4uA1kOsTO5CKr3B9nSOBA:1rtnkG:S641p5Hhn9dI-bWYqff3Xd2KEW0bbHlSlCnxGNc2vcY", "expire_date": "2024-04-22T12:05:04.513Z"}}, {"model": "sessions.session", "pk": "7fmu84yui3tlpl4c6q65ixfgnsf5d6yx", "fields": {"session_data": ".eJxVjDsOwjAQBe_iGlnZ4C8lfc5g7XrXJIASKU4qxN3BUgqonvRmNC-VcN_GtFdZ08TqokCdfj_C_JC5Ab7jfFt0XuZtnUg3RR-06mFheV4P9y8wYh1blnuI4IWNI4rYiY8lGNNTMAyAZ2szRO8ol--IZY4uA1kOsTO5CKr3B9nSOBA:1rnqee:3hyhclcl7B7ZcyMDW61D1G0bGrfW7MDJmY6PUtn49tw", "expire_date": "2024-04-06T01:58:40.812Z"}}, {"model": "sessions.session", "pk": "b6k5u6vfznfkax0z2zfl3vcqcys18lda", "fields": {"session_data": ".eJxVjEEOwiAQRe_C2hAQCoNL956BDDNUqgaS0q6MdzckXej2v_f-W0TctxL3nte4sLgIY8Tpd0xIz1wH4QfWe5PU6rYuSQ5FHrTLW-P8uh7u30HBXkbtQXsI4NnBPDnKgRKjTmi05ZknZwk4WFTJKtZMzpNK7qy8Q7CkQXy-Fio4Qw:1rsIFR:oRXCvhlFZD2CX2Mf_VsY8vK-qaCavI5YYx8iHa_RE4E", "expire_date": "2024-04-18T08:15:01.258Z"}}, {"model": "sessions.session", "pk": "b9phdbg0le1qsaqm8zcw8s7juk9e7q8r", "fields": {"session_data": ".eJxVjDsOwjAQBe_iGlnZ4C8lfc5g7XrXJIASKU4qxN3BUgqonvRmNC-VcN_GtFdZ08TqokCdfj_C_JC5Ab7jfFt0XuZtnUg3RR-06mFheV4P9y8wYh1blnuI4IWNI4rYiY8lGNNTMAyAZ2szRO8ol--IZY4uA1kOsTO5CKr3B9nSOBA:1rg4wT:hHemrwl8m7JnGUmjcbrK3U4KzKiBLSw5CQn_dOQlwQQ", "expire_date": "2024-03-15T15:36:57.528Z"}}, {"model": "sessions.session", "pk": "i992yoo6n8yfkkz60mrn15d80tvrlhmj", "fields": {"session_data": ".eJxVjDsOwjAQBe_iGlnZ4C8lfc5g7XrXJIASKU4qxN3BUgqonvRmNC-VcN_GtFdZ08TqokCdfj_C_JC5Ab7jfFt0XuZtnUg3RR-06mFheV4P9y8wYh1blnuI4IWNI4rYiY8lGNNTMAyAZ2szRO8ol--IZY4uA1kOsTO5CKr3B9nSOBA:1rgEFi:-xnjq6zMOcydTO9quIKPi32t3WnX2y59JhPpuBCJ1Go", "expire_date": "2024-03-16T01:33:26.552Z"}}, {"model": "sessions.session", "pk": "j4dwijul26kr81z0dlkswy1jfecb7jqf", "fields": {"session_data": ".eJxVjDsOwjAQBe_iGlnZ4C8lfc5g7XrXJIASKU4qxN3BUgqonvRmNC-VcN_GtFdZ08TqokCdfj_C_JC5Ab7jfFt0XuZtnUg3RR-06mFheV4P9y8wYh1blnuI4IWNI4rYiY8lGNNTMAyAZ2szRO8ol--IZY4uA1kOsTO5CKr3B9nSOBA:1rg4vU:AZIOsXX3Vl3gyNWvz9eco9OVswm8r6mceivif9HdQDM", "expire_date": "2024-03-15T15:35:56.059Z"}}, {"model": "sessions.session", "pk": "klm249jdy5j25wsxtfhn1a7dbh1c83kb", "fields": {"session_data": ".eJxVjDsOwjAQBe_iGlnZ4C8lfc5g7XrXJIASKU4qxN3BUgqonvRmNC-VcN_GtFdZ08TqokCdfj_C_JC5Ab7jfFt0XuZtnUg3RR-06mFheV4P9y8wYh1blnuI4IWNI4rYiY8lGNNTMAyAZ2szRO8ol--IZY4uA1kOsTO5CKr3B9nSOBA:1rfe6s:4EBGpXd-puOBG48pNil7XLoCll8yNq6ZpoWb912SwNI", "expire_date": "2024-03-14T10:57:54.056Z"}}, {"model": "sessions.session", "pk": "nbujhjg13jjlub0xpuhhaxyqdqnva695", "fields": {"session_data": ".eJxVjDsOwyAQBe9CHSFALJ-U6XMGtLDr4CTCkrErK3ePLblI2pl5bxMJ16WmtfOcRhJXocXll2UsL26HoCe2xyTL1JZ5zPJI5Gm7vE_E79vZ_h1U7HVfG6eyMoads1ZB4WAUhRyRQvEDeAaDJXoLtHOyjMAqQokwsOeooxafL9DXN7A:1ru4oy:AYfOsoXOoxi9o8WuWqr6sSVFY9-yuz9Hw6CJIWkiNas", "expire_date": "2024-04-23T06:19:04.060Z"}}, {"model": "sessions.session", "pk": "wj2xwbok7jv9upbkaaay368aytffsscq", "fields": {"session_data": ".eJxVjDsOwjAQBe_iGlnZ4C8lfc5g7XrXJIASKU4qxN3BUgqonvRmNC-VcN_GtFdZ08TqokCdfj_C_JC5Ab7jfFt0XuZtnUg3RR-06mFheV4P9y8wYh1blnuI4IWNI4rYiY8lGNNTMAyAZ2szRO8ol--IZY4uA1kOsTO5CKr3B9nSOBA:1rqbpU:B6Pu-2NnU8K_MCwoGE4uz92a1bm6V8BoO5pYzL6G4p4", "expire_date": "2024-04-13T16:45:16.894Z"}}, {"model": "sessions.session", "pk": "yk3v98zibr1ikiajt4n7kkd9nmdmg3hj", "fields": {"session_data": ".eJxVjMsOwiAQRf-FtSEzPAq4dO83kGEAWzU0Ke3K-O_apAvd3nPOfYlI2zrGrZclTlmcBYrT75aIH6XtIN-p3WbJc1uXKcldkQft8jrn8rwc7t_BSH381hYhsBko65Q12OAKQ0XUBAaw2oDonfJBV83VqORVRSYeAJWDXECL9wfA0Tbx:1ruRoF:M6zUI1EynBx9m9WMT2sp7-diAJRU1O5PyvQjThD0B_0", "expire_date": "2024-04-24T06:51:51.811Z"}}, {"model": "sessions.session", "pk": "zcgpknpjsu1oemgbb9v50p45e62icavf", "fields": {"session_data": ".eJxVjDsOwjAQBe_iGlnZ4C8lfc5g7XrXJIASKU4qxN3BUgqonvRmNC-VcN_GtFdZ08TqokCdfj_C_JC5Ab7jfFt0XuZtnUg3RR-06mFheV4P9y8wYh1blnuI4IWNI4rYiY8lGNNTMAyAZ2szRO8ol--IZY4uA1kOsTO5CKr3B9nSOBA:1rg4zS:JLkTmgUjF1ZeXUlv4P8sWH0TcM5BejrLOxLIahIfy_k", "expire_date": "2024-03-15T15:40:02.442Z"}}, {"model": "users.customuser", "pk": 1, "fields": {"password": "pbkdf2_sha256$720000$VH6em7XOchYwa0ZAVBrgyC$jO7bZkcXilnqDdD0Wyb1AxJugj91S4uJPq6QUZ76HxM=", "last_login": "2024-04-21T14:51:38.903Z", "is_superuser": true, "username": "admin", "first_name": "", "last_name": "", "is_staff": true, "is_active": true, "date_joined": "2024-02-29T10:57:41Z", "email": "admin@gmail.com", "role": "admin", "department": "admin", "user_type": "admin", "groups": [1], "user_permissions": []}}, {"model": "users.customuser", "pk": 32, "fields": {"password": "pbkdf2_sha256$600000$6PexWt7gJOWC0l5x0REAjZ$s2x4I7ERLEggxyqneTX7gpO+qcxKy+pUf8EbzKOMdZ4=", "last_login": "2024-04-07T09:34:30.264Z", "is_superuser": false, "username": "jimin", "first_name": "", "last_name": "", "is_staff": false, "is_active": true, "date_joined": "2024-03-10T04:52:18.084Z", "email": "jimin@gmail.com", "role": "hod", "department": "Chemistry", "user_type": "hod", "groups": [2], "user_permissions": []}}, {"model": "users.customuser", "pk": 33, "fields": {"password": "pbkdf2_sha256$600000$Bvo7HHal0u8Che1rO4p5oX$QmWWyXdQA2VRG/AQFW8ljAZCHQpi9M8wdxnAeKU9Byo=", "last_login": "2024-04-09T17:09:50.836Z", "is_superuser": false, "username": "jin", "first_name": "", "last_name": "", "is_staff": false, "is_active": true, "date_joined": "2024-03-10T04:54:03Z", "email": "jin@gmail.com", "role": "hod", "department": "IT", "user_type": "hod", "groups": [2], "user_permissions": []}}, {"model": "users.customuser", "pk": 34, "fields": {"password": "pbkdf2_sha256$600000$xquc56Azs6sPLkGLBt3S3J$5Vsc3H43ib3ttqIlJnr6imu7zkhfcu7593Sqh9cHroo=", "last_login": "2024-03-30T16:38:29.116Z", "is_superuser": false, "username": "jenis", "first_name": "", "last_name": "", "is_staff": false, "is_active": true, "date_joined": "2024-03-10T04:55:04.036Z", "email": "jenis@gmail.com", "role": "teacher", "department": "Chemistry", "user_type": "teacher", "groups": [3], "user_permissions": []}}, {"model": "users.customuser", "pk": 35, "fields": {"password": "pbkdf2_sha256$600000$tTCX79BSyS1dl3Wxv1MWeB$UdbwFsBOjqKeb50xIOfNOSAGdjv7qkqNif+C+nYiXOE=", "last_login": "2024-03-16T14:59:37.836Z", "is_superuser": false, "username": "magnus", "first_name": "", "last_name": "", "is_staff": false, "is_active": true, "date_joined": "2024-03-10T04:56:13Z", "email": "magnus@gmail.com", "role": "teacher", "department": "IT", "user_type": "teacher", "groups": [3], "user_permissions": []}}, {"model": "users.customuser", "pk": 41, "fields": {"password": "pbkdf2_sha256$600000$kp2yUBgaHFomGw60bqK7mD$OOUaDf5o0S4zRczf/LtE1XUFDToYcGH3S6blE/8xqAk=", "last_login": "2024-04-09T17:18:11.411Z", "is_superuser": false, "username": "suga", "first_name": "", "last_name": "", "is_staff": false, "is_active": true, "date_joined": "2024-04-09T17:00:52.568Z", "email": "suga@gmail.com", "role": "teacher", "department": "IT", "user_type": "teacher", "groups": [3], "user_permissions": []}}, {"model": "techapp.department", "pk": 1, "fields": {"name": "Chemistry"}}, {"model": "techapp.department", "pk": 2, "fields": {"name": "IT"}}, {"model": "techapp.programme", "pk": 1, "fields": {"name": "B. Sc"}}, {"model": "techapp.programme", "pk": 2, "fields": {"name": "M. Sc."}}, {"model": "techapp.programme", "pk": 3, "fields": {"name": "B. A."}}, {"model": "techapp.programme", "pk": 4, "fields": {"name": "M. A."}}, {"model": "techapp.programme", "pk": 5, "fields": {"name": "B. COM."}}, {"model": "techapp.programme_outcome", "pk": 1, "fields": {"code": "PO 1", "description": "Knowledge  Demonstrate and apply fundamental knowledge in concepts of Biological/Physical Sciences and its application in research, industry and daily life.", "programme": 1}}, {"model": "techapp.programme_outcome", "pk": 2, "fields": {"code": "PO 2", "description": "Problem analysis / solving, design and development of solutions: Critically integrate knowledge and enable the analysis of complex phenomena, issues and situations related to research and development. The student will be able to critically evaluate and discuss scientific literature and key methodologies with regard to validity, reliability, and applicability, within the biological and physical sciences. They will also demonstrate the ability to plan, perform, analyse, and critically evaluate their own research work.", "programme": 1}}, {"model": "techapp.programme_outcome", "pk": 3, "fields": {"code": "PO 3", "description": "Sensitive to environment sustainability issues: Critically weigh and evaluate the potentials and impact of scientific innovations on environment and find sustainable solution to issues pertaining to environment, public health and agriculture.", "programme": 1}}, {"model": "techapp.programme_outcome", "pk": 4, "fields": {"code": "PO 4", "description": "Ethics and Communication: Imbibe and demonstrate ethical practice in planning experiments, research designs and communicating the complex concepts to the scientific and non-scientific community. Demonstrate the ability to present their original work through written, oral, and visual presentations at various forum", "programme": 1}}, {"model": "techapp.programme_outcome", "pk": 5, "fields": {"code": "PO 5", "description": "Individuality and Teamwork: Perform research, development and/or investigations and project activities independently and collaboratively in a safe and efficient manner.", "programme": 1}}, {"model": "techapp.programme_outcome", "pk": 6, "fields": {"code": "PO 6", "description": "Competencies for Employment and Research: Acquire both technical and soft skills to qualify for a broad range of positions in research, industry, consultancy and education or for further education in a doctoral program", "programme": 1}}, {"model": "techapp.programme_specific", "pk": 1, "fields": {"department": 1}}, {"model": "techapp.programme_specific", "pk": 2, "fields": {"department": 2}}, {"model": "techapp.programme_specific_outcome", "pk": 1, "fields": {"code": "PSO 1", "description": "Have sound knowledge, strong foundation and the ability to understand essential facts, concepts, principles, phenomena and current scientific theories in different branches of chemistry.", "department": 1}}, {"model": "techapp.programme_specific_outcome", "pk": 2, "fields": {"code": "PSO 2", "description": "Apply the knowledge acquired to understand, interpret, analyse mathematical derivations, numerical and solve qualitative and quantitative problems.", "department": 1}}, {"model": "techapp.programme_specific_outcome", "pk": 3, "fields": {"code": "PSO 3", "description": "Demonstrate skills in the evaluation and interpretation of chemical information and data.", "department": 1}}, {"model": "techapp.programme_specific_outcome", "pk": 4, "fields": {"code": "PSO 4", "description": "Know the properties and behavior of matter, elements in the periodic table, commonly used chemicals in industry and laboratories, speciality materials and their uses.", "department": 1}}, {"model": "techapp.programme_specific_outcome", "pk": 5, "fields": {"code": "PSO 5", "description": "Predict the structures of compounds, separate and characterize them; understand the mechanism of reactions of chemical compounds and their synthesis.", "department": 1}}, {"model": "techapp.programme_specific_outcome", "pk": 6, "fields": {"code": "PSO 6", "description": "Have knowledge of working of various instruments used in chemical analysis and the skills in the operation of standard instruments used in chemistry.", "department": 1}}, {"model": "techapp.programme_specific_outcome", "pk": 7, "fields": {"code": "PSO 7", "description": "Understand the causes of environmental pollution and methods for environmental pollution control.", "department": 1}}, {"model": "techapp.programme_specific_outcome", "pk": 8, "fields": {"code": "PSO 8", "description": "Possess skills in the safe-handling of chemical materials, taking into account their physical and chemical properties including specific hazards associated with their use and the ability to conduct risk assessments", "department": 1}}, {"model": "techapp.programme_specific_outcome", "pk": 9, "fields": {"code": "PSO 9", "description": "Have the capabality of monitoring, by observation and measurement, chemical properties, events or changes, and demonstrate the ability of systematic and reliable recording of data and carry out documentation thereof in a clear scientific format.", "department": 1}}, {"model": "techapp.programme_specific_outcome", "pk": 10, "fields": {"code": "PSO 10", "description": "Acquire the laboratory skills needed to design and interpret chemical research in laboratories and industries.", "department": 1}}, {"model": "techapp.programme_specific_outcome", "pk": 11, "fields": {"code": "PSO 11", "description": "Analyse the chemistry of various biomolecules, natural products and their functioning and roles in the living system.", "department": 1}}, {"model": "techapp.programme_specific_outcome", "pk": 12, "fields": {"code": "PSO 12", "description": "Understand and analyse the biological systems and the chemical interactions of neurons, neurotransmitters and salts.", "department": 1}}, {"model": "techapp.programme_specific_outcome", "pk": 13, "fields": {"code": "PSO 13", "description": "Demonstrate an understanding of the applications of electrical potential signals in biological systems and the instrumental methods of to identify them.", "department": 1}}, {"model": "techapp.programme_specific_outcome", "pk": 14, "fields": {"code": "PSO 1", "description": "Gain an understanding in various areas of information technology for higher studies and research.", "department": 2}}, {"model": "techapp.programme_specific_outcome", "pk": 15, "fields": {"code": "PSO 2", "description": "Acquire analytical and problem solving skills, in order to solve real world problems.", "department": 2}}, {"model": "techapp.programme_specific_outcome", "pk": 16, "fields": {"code": "PSO 3", "description": "Communicate technical concepts and designs to all kinds of audience", "department": 2}}, {"model": "techapp.programme_specific_outcome", "pk": 17, "fields": {"code": "PSO 4", "description": "Work as part of a team with constant collaboration and communication in order to build projects.", "department": 2}}, {"model": "techapp.programme_specific_outcome", "pk": 18, "fields": {"code": "PSO 5", "description": "Create or apply modern tools and techniques to analyse concepts being applied to the system and/or data which is available.", "department": 2}}, {"model": "techapp.programme_specific_outcome", "pk": 19, "fields": {"code": "PSO 6", "description": "Read programming language documentation and create/modify new/existing systems to generate useful products.", "department": 2}}, {"model": "techapp.programme_specific_outcome", "pk": 20, "fields": {"code": "PSO 7", "description": "Develop competent technical writing skills for information technology-related concepts.", "department": 2}}, {"model": "techapp.programme_specific_outcome", "pk": 21, "fields": {"code": "PSO 8", "description": "Develop database programming skill.", "department": 2}}, {"model": "techapp.programme_specific_outcome", "pk": 22, "fields": {"code": "PSO 9", "description": "Acquire the skill of developing predicting model and clustering model.", "department": 2}}, {"model": "techapp.programme_specific_outcome", "pk": 23, "fields": {"code": "PSO 10", "description": "Acquire the skill of data visualization.", "department": 2}}, {"model": "techapp.programme_specific_outcome", "pk": 24, "fields": {"code": "PSO 11", "description": "Possess the basic knowledge of digital logic.", "department": 2}}, {"model": "techapp.year", "pk": 1, "fields": {"name": "Year 1"}}, {"model": "techapp.year", "pk": 2, "fields": {"name": "Year 2"}}, {"model": "techapp.year", "pk": 3, "fields": {"name": "Year 3"}}, {"model": "techapp.semester", "pk": 1, "fields": {"name": "Semester 1", "year": 1}}, {"model": "techapp.semester", "pk": 2, "fields": {"name": "Semester 2", "year": 1}}, {"model": "techapp.semester", "pk": 3, "fields": {"name": "Semester 3", "year": 2}}, {"model": "techapp.semester", "pk": 4, "fields": {"name": "Semester 4", "year": 2}}, {"model": "techapp.semester", "pk": 5, "fields": {"name": "Semester 5", "year": 3}}, {"model": "techapp.semester", "pk": 6, "fields": {"name": "Semester 6", "year": 3}}, {"model": "techapp.course", "pk": 1, "fields": {"name": "Chemical Bonding and Coordination Chemistry", "year": 3, "semester": 5, "course_code": "SCHE0502", "department": 1, "programme_specific": 1, "programme": 1, "assigned_to": 32}}, {"model": "techapp.course", "pk": 2, "fields": {"name": "Network Security and Internet Technology", "year": 3, "semester": 5, "course_code": "SITS0501", "department": 2, "programme_specific": 2, "programme": 1, "assigned_to": 35}}, {"model": "techapp.course", "pk": 3, "fields": {"name": "Professional Communication Skills", "year": 1, "semester": 1, "course_code": "SITS0101", "department": 2, "programme_specific": 2, "programme": 1, "assigned_to": 33}}, {"model": "techapp.course", "pk": 4, "fields": {"name": "Computer Graphics", "year": 1, "semester": 2, "course_code": "SITS0201", "department": 2, "programme_specific": 2, "programme": 1, "assigned_to": 41}}, {"model": "techapp.course", "pk": 5, "fields": {"name": "Discrete Mathematics", "year": 2, "semester": 3, "course_code": "SITS0301", "department": 2, "programme_specific": 2, "programme": 1, "assigned_to": 33}}, {"model": "techapp.course", "pk": 6, "fields": {"name": "Applied Mathematics  I", "year": 1, "semester": 1, "course_code": "SITS0102", "department": 2, "programme_specific": 2, "programme": 1, "assigned_to": null}}, {"model": "techapp.course_programme_outcome", "pk": 1, "fields": {"course": 1, "programme_outcome": 1, "strength": 2}}, {"model": "techapp.course_programme_outcome", "pk": 2, "fields": {"course": 2, "programme_outcome": 6, "strength": 1}}, {"model": "techapp.course_programme_outcome", "pk": 9, "fields": {"course": 1, "programme_outcome": 3, "strength": 1}}, {"model": "techapp.course_programme_outcome", "pk": 10, "fields": {"course": 1, "programme_outcome": 4, "strength": 3}}, {"model": "techapp.course_programme_outcome", "pk": 11, "fields": {"course": 5, "programme_outcome": 5, "strength": 1}}, {"model": "techapp.course_programme_outcome", "pk": 12, "fields": {"course": 3, "programme_outcome": 4, "strength": 1}}, {"model": "techapp.course_programme_outcome", "pk": 13, "fields": {"course": 4, "programme_outcome": 3, "strength": 1}}, {"model": "techapp.course_programme_outcome", "pk": 14, "fields": {"course": 2, "programme_outcome": 3, "strength": 1}}, {"model": "techapp.course_programme_outcome", "pk": 15, "fields": {"course": 3, "programme_outcome": 1, "strength": 3}}, {"model": "techapp.course_programme_outcome", "pk": 16, "fields": {"course": 2, "programme_outcome": 2, "strength": 2}}, {"model": "techapp.course_programme_outcome", "pk": 17, "fields": {"course": 4, "programme_outcome": 2, "strength": 3}}, {"model": "techapp.course_programme_outcome", "pk": 18, "fields": {"course": 3, "programme_outcome": 3, "strength": 2}}, {"model": "techapp.course_programme_outcome", "pk": 19, "fields": {"course": 6, "programme_outcome": 2, "strength": 2}}, {"model": "techapp.course_programme_outcome", "pk": 20, "fields": {"course": 6, "programme_outcome": 4, "strength": 3}}, {"model": "techapp.course_programme_outcome", "pk": 21, "fields": {"course": 6, "programme_outcome": 6, "strength": 1}}, {"model": "techapp.course_programme_outcome", "pk": 22, "fields": {"course": 5, "programme_outcome": 2, "strength": 3}}, {"model": "techapp.course_programme_outcome", "pk": 23, "fields": {"course": 5, "programme_outcome": 4, "strength": 1}}, {"model": "techapp.course_outcome", "pk": 1, "fields": {"code": "CO 1", "description": "Recognise rotational symmetry and identify the basic symmetry elements in different molecules.", "course": 1, "programme_specific_outcomes": [10], "programme_outcomes": [1]}}, {"model": "techapp.course_outcome", "pk": 2, "fields": {"code": "CO 2", "description": "Construct molecular orbital diagram using symmetry.", "course": 1, "programme_specific_outcomes": [1, 9], "programme_outcomes": [2]}}, {"model": "techapp.course_outcome", "pk": 3, "fields": {"code": "CO 3", "description": "Use the properties of Lanthanides and Actinides to identify their real-world applications in domestic, medical, industrial and military uses.", "course": 1, "programme_specific_outcomes": [7], "programme_outcomes": [6]}}, {"model": "techapp.course_outcome", "pk": 4, "fields": {"code": "CO 4", "description": "Describe bonding and stabilization energies in coordination complexes using molecular orbital theory and crystal field theory and compare the two", "course": 1, "programme_specific_outcomes": [2, 11], "programme_outcomes": [3, 5]}}, {"model": "techapp.course_outcome", "pk": 5, "fields": {"code": "CO 5", "description": "Identify electronic transitions in various d^n systems and calculate electronic states and terms for atoms/ ions.", "course": 1, "programme_specific_outcomes": [5], "programme_outcomes": [3]}}, {"model": "techapp.course_outcome", "pk": 6, "fields": {"code": "CO 6", "description": "Deduce the stability of metal complexes by the use of formation constants; and calculate thermodynamic parameters from them.", "course": 1, "programme_specific_outcomes": [8], "programme_outcomes": [3]}}, {"model": "techapp.course_outcome", "pk": 7, "fields": {"code": "CO 7", "description": "Calculate magnetic moments of transition metal complexes.", "course": 1, "programme_specific_outcomes": [12], "programme_outcomes": [4]}}, {"model": "techapp.course_outcome", "pk": 8, "fields": {"code": "CO 1", "description": "Have confidence during communications and public speaking through practical training.", "course": 3, "programme_specific_outcomes": [17, 24], "programme_outcomes": [2, 6]}}, {"model": "techapp.course_outcome", "pk": 9, "fields": {"code": "CO 2", "description": "Develop delivery skills for presentations, debates, group discussions etc.", "course": 3, "programme_specific_outcomes": [15, 20, 21], "programme_outcomes": [1, 5]}}, {"model": "techapp.course_outcome", "pk": 10, "fields": {"code": "CO 3", "description": "Improve written communications via emails, letters, memos, reports etc.", "course": 3, "programme_specific_outcomes": [17, 18], "programme_outcomes": [2, 4]}}, {"model": "techapp.course_outcome", "pk": 11, "fields": {"code": "CO 4", "description": "Improve overall corporate communications skills and etiquette, combining theory and practical aspects, and incorporate fundamental concepts in day-to-day communication.", "course": 3, "programme_specific_outcomes": [17, 19, 24], "programme_outcomes": [1, 3]}}, {"model": "techapp.course_outcome", "pk": 13, "fields": {"code": "CO 1", "description": "Understand and analyze the basic graphics algorithms for drawing geometric objects.", "course": 4, "programme_specific_outcomes": [1, 15], "programme_outcomes": [1]}}, {"model": "techapp.course_outcome", "pk": 14, "fields": {"code": "CO 2", "description": "Recognize the coordinate elements to display graphic images to given specifications.", "course": 4, "programme_specific_outcomes": [1], "programme_outcomes": [1]}}, {"model": "techapp.course_outcome", "pk": 15, "fields": {"code": "CO 3", "description": "Gain understanding of surfaces and filling attributes for different geometric objects.", "course": 4, "programme_specific_outcomes": [1], "programme_outcomes": [1]}}, {"model": "techapp.course_outcome", "pk": 16, "fields": {"code": "CO 4", "description": "Understand 2D transformations and apply graphic transformations using a programming language.", "course": 4, "programme_specific_outcomes": [2], "programme_outcomes": [2]}}, {"model": "techapp.course_outcome", "pk": 17, "fields": {"code": "CO 5", "description": "Explore different graphic programming languages to build a meaningful animation/game.", "course": 4, "programme_specific_outcomes": [3], "programme_outcomes": [3]}}, {"model": "techapp.course_outcome", "pk": 18, "fields": {"code": "CO 6", "description": "Do illustration of clipping", "course": 4, "programme_specific_outcomes": [3, 4], "programme_outcomes": [3, 4]}}, {"model": "techapp.course_outcome", "pk": 19, "fields": {"code": "CO 7", "description": "Understand the concepts of 3D graphics", "course": 4, "programme_specific_outcomes": [3], "programme_outcomes": [3]}}, {"model": "techapp.course_outcome", "pk": 20, "fields": {"code": "CO 1", "description": "Develop the skill of logical reasoning", "course": 5, "programme_specific_outcomes": [], "programme_outcomes": [1]}}, {"model": "techapp.course_outcome", "pk": 21, "fields": {"code": "CO 2", "description": "Develop the skill of data modelling.", "course": 5, "programme_specific_outcomes": [], "programme_outcomes": [2, 3]}}, {"model": "techapp.course_outcome", "pk": 22, "fields": {"code": "CO 3", "description": "Understand the concept of graphs.", "course": 5, "programme_specific_outcomes": [], "programme_outcomes": [2, 4]}}, {"model": "techapp.course_outcome", "pk": 23, "fields": {"code": "CO 4", "description": "Understand the concept of automaton.", "course": 5, "programme_specific_outcomes": [], "programme_outcomes": [2]}}, {"model": "techapp.course_outcome", "pk": 24, "fields": {"code": "CO 1", "description": "Decipher various ciphers, cryptography techniques, cryptic algorithms, digital signature etc.", "course": 2, "programme_specific_outcomes": [], "programme_outcomes": []}}, {"model": "techapp.course_outcome", "pk": 25, "fields": {"code": "CO 2", "description": "Understand about the various threats on the internet that the network can be vulnerable to, along with the security measures taken to combat the same.", "course": 2, "programme_specific_outcomes": [], "programme_outcomes": []}}, {"model": "techapp.course_outcome", "pk": 26, "fields": {"code": "CO 3", "description": "Have in-depth knowledge about antiviruse programs, firewalls, IDS, security of emails via SMIME and PGP.", "course": 2, "programme_specific_outcomes": [], "programme_outcomes": []}}, {"model": "techapp.course_outcome", "pk": 27, "fields": {"code": "CO 4", "description": "Have a knowledge of socket programming and the technique of accessing remote objects through RMI.", "course": 2, "programme_specific_outcomes": [], "programme_outcomes": []}}, {"model": "techapp.course_outcome", "pk": 30, "fields": {"code": "CO 1", "description": "Solve system of linear equations and find eigenvalues/vectors of matrix to diagonalise it.", "course": 6, "programme_specific_outcomes": [14, 15, 16], "programme_outcomes": [3]}}, {"model": "techapp.course_outcome", "pk": 31, "fields": {"code": "CO 2", "description": "Apply mean value theorems, intermediate value theorem and Taylors theorem.", "course": 6, "programme_specific_outcomes": [20, 21, 22], "programme_outcomes": [3]}}, {"model": "techapp.course_outcome", "pk": 32, "fields": {"code": "CO 3", "description": "Logically analyze multivariable calculus concepts to find partial/directional derivatives and extreme values of f(x,y).", "course": 6, "programme_specific_outcomes": [22, 23, 24], "programme_outcomes": [4, 5]}}, {"model": "techapp.course_outcome", "pk": 33, "fields": {"code": "CO 4", "description": "Solve differential equations of various types such as exact, non-exact, linear, with constant coefficients.", "course": 6, "programme_specific_outcomes": [20, 21, 22], "programme_outcomes": [2]}}, {"model": "techapp.course_outcome", "pk": 34, "fields": {"code": "CO 5", "description": "Write algorithms and draw flow charts of these concepts/methods to achieve skill development and creativity.", "course": 6, "programme_specific_outcomes": [15, 16, 17, 18], "programme_outcomes": [2, 6]}}, {"model": "charts.passoutyear", "pk": 1, "fields": {"year": 2023}}, {"model": "charts.passoutyear", "pk": 2, "fields": {"year": 2024}}, {"model": "charts.attainmentpercentage", "pk": 1, "fields": {"passout_year": 1, "course": 3, "attainment_percentage": 50.0}}, {"model": "charts.attainmentpercentage", "pk": 2, "fields": {"passout_year": 1, "course": 4, "attainment_percentage": 58.0}}, {"model": "charts.attainmentpercentage", "pk": 3, "fields": {"passout_year": 1, "course": 1, "attainment_percentage": 50.0}}, {"model": "charts.attainmentpercentage", "pk": 4, "fields": {"passout_year": 1, "course": 6, "attainment_percentage": 54.0}}, {"model": "charts.attainmentpercentage", "pk": 5, "fields": {"passout_year": 1, "course": 2, "attainment_percentage": 58.0}}, {"model": "charts.attainmentpercentage", "pk": 6, "fields": {"passout_year": 1, "course": 5, "attainment_percentage": 61.0}}, {"model": "charts.file_description", "pk": 2, "fields": {"passout_year": 1, "course": 4}}, {"model": "charts.file_description", "pk": 4, "fields": {"passout_year": 1, "course": 1}}, {"model": "charts.file_description", "pk": 7, "fields": {"passout_year": 1, "course": 6}}, {"model": "charts.file_description", "pk": 11, "fields": {"passout_year": 1, "course": 5}}, {"model": "charts.file_description", "pk": 15, "fields": {"passout_year": 1, "course": 2}}, {"model": "charts.file_description", "pk": 16, "fields": {"passout_year": 1, "course": 3}}, {"model": "charts.student", "pk": 208, "fields": {"name": "Student 1", "cia_marks": 34, "semester_marks": 55, "total_marks": 89, "file_desc": 2}}, {"model": "charts.student", "pk": 209, "fields": {"name": "Student 2", "cia_marks": 34, "semester_marks": 35, "total_marks": 69, "file_desc": 2}}, {"model": "charts.student", "pk": 210, "fields": {"name": "Student 3", "cia_marks": 31, "semester_marks": 36, "total_marks": 67, "file_desc": 2}}, {"model": "charts.student", "pk": 211, "fields": {"name": "Student 4", "cia_marks": 35, "semester_marks": 44, "total_marks": 79, "file_desc": 2}}, {"model": "charts.student", "pk": 212, "fields": {"name": "Student 5", "cia_marks": 32, "semester_marks": 32, "total_marks": 64, "file_desc": 2}}, {"model": "charts.student", "pk": 213, "fields": {"name": "Student 6", "cia_marks": 34, "semester_marks": 30, "total_marks": 64, "file_desc": 2}}, {"model": "charts.student", "pk": 214, "fields": {"name": "Student 7", "cia_marks": 30, "semester_marks": 34, "total_marks": 64, "file_desc": 2}}, {"model": "charts.student", "pk": 215, "fields": {"name": "Student 8", "cia_marks": 34, "semester_marks": 36, "total_marks": 70, "file_desc": 2}}, {"model": "charts.student", "pk": 216, "fields": {"name": "Student 9", "cia_marks": 31, "semester_marks": 49, "total_marks": 80, "file_desc": 2}}, {"model": "charts.student", "pk": 217, "fields": {"name": "Student 10", "cia_marks": 37, "semester_marks": 42, "total_marks": 79, "file_desc": 2}}, {"model": "charts.student", "pk": 218, "fields": {"name": "Student 11", "cia_marks": 39, "semester_marks": 56, "total_marks": 95, "file_desc": 2}}, {"model": "charts.student", "pk": 219, "fields": {"name": "Student 12", "cia_marks": 39, "semester_marks": 52, "total_marks": 91, "file_desc": 2}}, {"model": "charts.student", "pk": 220, "fields": {"name": "Student 13", "cia_marks": 37, "semester_marks": 50, "total_marks": 87, "file_desc": 2}}, {"model": "charts.student", "pk": 221, "fields": {"name": "Student 14", "cia_marks": 37, "semester_marks": 53, "total_marks": 90, "file_desc": 2}}, {"model": "charts.student", "pk": 222, "fields": {"name": "Student 15", "cia_marks": 40, "semester_marks": 60, "total_marks": 100, "file_desc": 2}}, {"model": "charts.student", "pk": 223, "fields": {"name": "Student 16", "cia_marks": 40, "semester_marks": 60, "total_marks": 100, "file_desc": 2}}, {"model": "charts.student", "pk": 224, "fields": {"name": "Student 17", "cia_marks": 39, "semester_marks": 56, "total_marks": 95, "file_desc": 2}}, {"model": "charts.student", "pk": 225, "fields": {"name": "Student 18", "cia_marks": 40, "semester_marks": 59, "total_marks": 99, "file_desc": 2}}, {"model": "charts.student", "pk": 226, "fields": {"name": "Student 19", "cia_marks": 40, "semester_marks": 47, "total_marks": 87, "file_desc": 2}}, {"model": "charts.student", "pk": 227, "fields": {"name": "Student 20", "cia_marks": 39, "semester_marks": 58, "total_marks": 97, "file_desc": 2}}, {"model": "charts.student", "pk": 228, "fields": {"name": "Student 21", "cia_marks": 36, "semester_marks": 46, "total_marks": 82, "file_desc": 2}}, {"model": "charts.student", "pk": 229, "fields": {"name": "Student 22", "cia_marks": 38, "semester_marks": 55, "total_marks": 93, "file_desc": 2}}, {"model": "charts.student", "pk": 230, "fields": {"name": "Student 23", "cia_marks": 34, "semester_marks": 40, "total_marks": 74, "file_desc": 2}}, {"model": "charts.student", "pk": 231, "fields": {"name": "Student 24", "cia_marks": 35, "semester_marks": 53, "total_marks": 88, "file_desc": 2}}, {"model": "charts.student", "pk": 232, "fields": {"name": "Student 25", "cia_marks": 38, "semester_marks": 52, "total_marks": 90, "file_desc": 2}}, {"model": "charts.student", "pk": 233, "fields": {"name": "Student 26", "cia_marks": 36, "semester_marks": 46, "total_marks": 82, "file_desc": 2}}, {"model": "charts.student", "pk": 234, "fields": {"name": "Student 27", "cia_marks": 31, "semester_marks": 25, "total_marks": 56, "file_desc": 2}}, {"model": "charts.student", "pk": 235, "fields": {"name": "Student 28", "cia_marks": 32, "semester_marks": 32, "total_marks": 64, "file_desc": 2}}, {"model": "charts.student", "pk": 236, "fields": {"name": "Student 29", "cia_marks": 32, "semester_marks": 41, "total_marks": 73, "file_desc": 2}}, {"model": "charts.student", "pk": 237, "fields": {"name": "Student 30", "cia_marks": 34, "semester_marks": 36, "total_marks": 70, "file_desc": 2}}, {"model": "charts.student", "pk": 238, "fields": {"name": "Student 31", "cia_marks": 38, "semester_marks": 52, "total_marks": 90, "file_desc": 2}}, {"model": "charts.student", "pk": 239, "fields": {"name": "Student 32", "cia_marks": 33, "semester_marks": 42, "total_marks": 75, "file_desc": 2}}, {"model": "charts.student", "pk": 240, "fields": {"name": "Student 33", "cia_marks": 38, "semester_marks": 48, "total_marks": 86, "file_desc": 2}}, {"model": "charts.student", "pk": 241, "fields": {"name": "Student 34", "cia_marks": 39, "semester_marks": 52, "total_marks": 91, "file_desc": 2}}, {"model": "charts.student", "pk": 242, "fields": {"name": "Student 35", "cia_marks": 23, "semester_marks": 28, "total_marks": 51, "file_desc": 2}}, {"model": "charts.student", "pk": 243, "fields": {"name": "Student 36", "cia_marks": 24, "semester_marks": 31, "total_marks": 55, "file_desc": 2}}, {"model": "charts.student", "pk": 244, "fields": {"name": "Student 37", "cia_marks": 36, "semester_marks": 52, "total_marks": 88, "file_desc": 2}}, {"model": "charts.student", "pk": 245, "fields": {"name": "Student 38", "cia_marks": 35, "semester_marks": 31, "total_marks": 66, "file_desc": 2}}, {"model": "charts.student", "pk": 246, "fields": {"name": "Student 39", "cia_marks": 19, "semester_marks": 36, "total_marks": 55, "file_desc": 2}}, {"model": "charts.student", "pk": 247, "fields": {"name": "Student 40", "cia_marks": 35, "semester_marks": 40, "total_marks": 75, "file_desc": 2}}, {"model": "charts.student", "pk": 248, "fields": {"name": "Student 41", "cia_marks": 36, "semester_marks": 42, "total_marks": 78, "file_desc": 2}}, {"model": "charts.student", "pk": 249, "fields": {"name": "Student 42", "cia_marks": 37, "semester_marks": 53, "total_marks": 90, "file_desc": 2}}, {"model": "charts.student", "pk": 250, "fields": {"name": "Student 43", "cia_marks": 35, "semester_marks": 49, "total_marks": 84, "file_desc": 2}}, {"model": "charts.student", "pk": 251, "fields": {"name": "Student 44", "cia_marks": 40, "semester_marks": 54, "total_marks": 94, "file_desc": 2}}, {"model": "charts.student", "pk": 252, "fields": {"name": "Student 45", "cia_marks": 38, "semester_marks": 47, "total_marks": 85, "file_desc": 2}}, {"model": "charts.student", "pk": 253, "fields": {"name": "Student 46", "cia_marks": 37, "semester_marks": 50, "total_marks": 87, "file_desc": 2}}, {"model": "charts.student", "pk": 254, "fields": {"name": "Student 47", "cia_marks": 33, "semester_marks": 31, "total_marks": 64, "file_desc": 2}}, {"model": "charts.student", "pk": 255, "fields": {"name": "Student 48", "cia_marks": 40, "semester_marks": 54, "total_marks": 94, "file_desc": 2}}, {"model": "charts.student", "pk": 256, "fields": {"name": "Student 49", "cia_marks": 38, "semester_marks": 53, "total_marks": 91, "file_desc": 2}}, {"model": "charts.student", "pk": 257, "fields": {"name": "Student 50", "cia_marks": 38, "semester_marks": 50, "total_marks": 88, "file_desc": 2}}, {"model": "charts.student", "pk": 258, "fields": {"name": "Student 51", "cia_marks": 37, "semester_marks": 37, "total_marks": 74, "file_desc": 2}}, {"model": "charts.student", "pk": 259, "fields": {"name": "Student 52", "cia_marks": 37, "semester_marks": 54, "total_marks": 91, "file_desc": 2}}, {"model": "charts.student", "pk": 260, "fields": {"name": "Student 53", "cia_marks": 39, "semester_marks": 50, "total_marks": 89, "file_desc": 2}}, {"model": "charts.student", "pk": 261, "fields": {"name": "Student 54", "cia_marks": 37, "semester_marks": 50, "total_marks": 87, "file_desc": 2}}, {"model": "charts.student", "pk": 262, "fields": {"name": "Student 55", "cia_marks": 36, "semester_marks": 46, "total_marks": 82, "file_desc": 2}}, {"model": "charts.student", "pk": 323, "fields": {"name": "Student 1", "cia_marks": 39, "semester_marks": 51, "total_marks": 90, "file_desc": 4}}, {"model": "charts.student", "pk": 324, "fields": {"name": "Student 2", "cia_marks": 32, "semester_marks": 37, "total_marks": 69, "file_desc": 4}}, {"model": "charts.student", "pk": 325, "fields": {"name": "Student 3", "cia_marks": 34, "semester_marks": 50, "total_marks": 84, "file_desc": 4}}, {"model": "charts.student", "pk": 326, "fields": {"name": "Student 4", "cia_marks": 20, "semester_marks": 35, "total_marks": 55, "file_desc": 4}}, {"model": "charts.student", "pk": 327, "fields": {"name": "Student 5", "cia_marks": 26, "semester_marks": 40, "total_marks": 66, "file_desc": 4}}, {"model": "charts.student", "pk": 328, "fields": {"name": "Student 6", "cia_marks": 28, "semester_marks": 39, "total_marks": 67, "file_desc": 4}}, {"model": "charts.student", "pk": 329, "fields": {"name": "Student 7", "cia_marks": 24, "semester_marks": 48, "total_marks": 72, "file_desc": 4}}, {"model": "charts.student", "pk": 330, "fields": {"name": "Student 8", "cia_marks": 35, "semester_marks": 52, "total_marks": 87, "file_desc": 4}}, {"model": "charts.student", "pk": 331, "fields": {"name": "Student 9", "cia_marks": 24, "semester_marks": 51, "total_marks": 75, "file_desc": 4}}, {"model": "charts.student", "pk": 332, "fields": {"name": "Student 10", "cia_marks": 29, "semester_marks": 49, "total_marks": 78, "file_desc": 4}}, {"model": "charts.student", "pk": 333, "fields": {"name": "Student 11", "cia_marks": 34, "semester_marks": 56, "total_marks": 90, "file_desc": 4}}, {"model": "charts.student", "pk": 334, "fields": {"name": "Student 12", "cia_marks": 35, "semester_marks": 47, "total_marks": 82, "file_desc": 4}}, {"model": "charts.student", "pk": 335, "fields": {"name": "Student 13", "cia_marks": 33, "semester_marks": 52, "total_marks": 85, "file_desc": 4}}, {"model": "charts.student", "pk": 336, "fields": {"name": "Student 14", "cia_marks": 28, "semester_marks": 37, "total_marks": 65, "file_desc": 4}}, {"model": "charts.student", "pk": 337, "fields": {"name": "Student 15", "cia_marks": 37, "semester_marks": 45, "total_marks": 82, "file_desc": 4}}, {"model": "charts.student", "pk": 338, "fields": {"name": "Student 16", "cia_marks": 36, "semester_marks": 55, "total_marks": 91, "file_desc": 4}}, {"model": "charts.student", "pk": 339, "fields": {"name": "Student 17", "cia_marks": 29, "semester_marks": 44, "total_marks": 73, "file_desc": 4}}, {"model": "charts.student", "pk": 340, "fields": {"name": "Student 18", "cia_marks": 28, "semester_marks": 49, "total_marks": 77, "file_desc": 4}}, {"model": "charts.student", "pk": 341, "fields": {"name": "Student 19", "cia_marks": 35, "semester_marks": 47, "total_marks": 82, "file_desc": 4}}, {"model": "charts.student", "pk": 342, "fields": {"name": "Student 20", "cia_marks": 28, "semester_marks": 34, "total_marks": 62, "file_desc": 4}}, {"model": "charts.student", "pk": 343, "fields": {"name": "Student 21", "cia_marks": 23, "semester_marks": 41, "total_marks": 64, "file_desc": 4}}, {"model": "charts.student", "pk": 344, "fields": {"name": "Student 22", "cia_marks": 17, "semester_marks": 32, "total_marks": 49, "file_desc": 4}}, {"model": "charts.student", "pk": 345, "fields": {"name": "Student 23", "cia_marks": 24, "semester_marks": 32, "total_marks": 56, "file_desc": 4}}, {"model": "charts.student", "pk": 346, "fields": {"name": "Student 24", "cia_marks": 23, "semester_marks": 44, "total_marks": 67, "file_desc": 4}}, {"model": "charts.student", "pk": 347, "fields": {"name": "Student 25", "cia_marks": 20, "semester_marks": 34, "total_marks": 54, "file_desc": 4}}, {"model": "charts.student", "pk": 348, "fields": {"name": "Student 26", "cia_marks": 22, "semester_marks": 39, "total_marks": 61, "file_desc": 4}}, {"model": "charts.student", "pk": 349, "fields": {"name": "Student 27", "cia_marks": 24, "semester_marks": 39, "total_marks": 63, "file_desc": 4}}, {"model": "charts.student", "pk": 350, "fields": {"name": "Student 28", "cia_marks": 36, "semester_marks": 47, "total_marks": 83, "file_desc": 4}}, {"model": "charts.student", "pk": 351, "fields": {"name": "Student 29", "cia_marks": 23, "semester_marks": 51, "total_marks": 74, "file_desc": 4}}, {"model": "charts.student", "pk": 352, "fields": {"name": "Student 30", "cia_marks": 31, "semester_marks": 45, "total_marks": 76, "file_desc": 4}}, {"model": "charts.student", "pk": 353, "fields": {"name": "Student 31", "cia_marks": 34, "semester_marks": 54, "total_marks": 88, "file_desc": 4}}, {"model": "charts.student", "pk": 354, "fields": {"name": "Student 32", "cia_marks": 32, "semester_marks": 46, "total_marks": 78, "file_desc": 4}}, {"model": "charts.student", "pk": 355, "fields": {"name": "Student 33", "cia_marks": 27, "semester_marks": 40, "total_marks": 67, "file_desc": 4}}, {"model": "charts.student", "pk": 356, "fields": {"name": "Student 34", "cia_marks": 25, "semester_marks": 35, "total_marks": 60, "file_desc": 4}}, {"model": "charts.student", "pk": 357, "fields": {"name": "Student 35", "cia_marks": 26, "semester_marks": 45, "total_marks": 71, "file_desc": 4}}, {"model": "charts.student", "pk": 358, "fields": {"name": "Student 36", "cia_marks": 26, "semester_marks": 39, "total_marks": 65, "file_desc": 4}}, {"model": "charts.student", "pk": 359, "fields": {"name": "Student 37", "cia_marks": 29, "semester_marks": 38, "total_marks": 67, "file_desc": 4}}, {"model": "charts.student", "pk": 360, "fields": {"name": "Student 38", "cia_marks": 30, "semester_marks": 52, "total_marks": 82, "file_desc": 4}}, {"model": "charts.student", "pk": 361, "fields": {"name": "Student 39", "cia_marks": 23, "semester_marks": 38, "total_marks": 61, "file_desc": 4}}, {"model": "charts.student", "pk": 362, "fields": {"name": "Student 40", "cia_marks": 35, "semester_marks": 50, "total_marks": 85, "file_desc": 4}}, {"model": "charts.student", "pk": 363, "fields": {"name": "Student 41", "cia_marks": 31, "semester_marks": 44, "total_marks": 75, "file_desc": 4}}, {"model": "charts.student", "pk": 364, "fields": {"name": "Student 42", "cia_marks": 16, "semester_marks": 30, "total_marks": 46, "file_desc": 4}}, {"model": "charts.student", "pk": 365, "fields": {"name": "Student 43", "cia_marks": 31, "semester_marks": 58, "total_marks": 89, "file_desc": 4}}, {"model": "charts.student", "pk": 366, "fields": {"name": "Student 44", "cia_marks": 27, "semester_marks": 40, "total_marks": 67, "file_desc": 4}}, {"model": "charts.student", "pk": 367, "fields": {"name": "Student 45", "cia_marks": 33, "semester_marks": 51, "total_marks": 84, "file_desc": 4}}, {"model": "charts.student", "pk": 368, "fields": {"name": "Student 46", "cia_marks": 24, "semester_marks": 39, "total_marks": 63, "file_desc": 4}}, {"model": "charts.student", "pk": 475, "fields": {"name": "Student 1", "cia_marks": 36, "semester_marks": 54, "total_marks": 90, "file_desc": 7}}, {"model": "charts.student", "pk": 476, "fields": {"name": "Student 2", "cia_marks": 36, "semester_marks": 43, "total_marks": 79, "file_desc": 7}}, {"model": "charts.student", "pk": 477, "fields": {"name": "Student 3", "cia_marks": 36, "semester_marks": 51, "total_marks": 87, "file_desc": 7}}, {"model": "charts.student", "pk": 478, "fields": {"name": "Student 4", "cia_marks": 27, "semester_marks": 34, "total_marks": 61, "file_desc": 7}}, {"model": "charts.student", "pk": 479, "fields": {"name": "Student 5", "cia_marks": 31, "semester_marks": 41, "total_marks": 72, "file_desc": 7}}, {"model": "charts.student", "pk": 480, "fields": {"name": "Student 6", "cia_marks": 32, "semester_marks": 41, "total_marks": 73, "file_desc": 7}}, {"model": "charts.student", "pk": 481, "fields": {"name": "Student 7", "cia_marks": 30, "semester_marks": 44, "total_marks": 74, "file_desc": 7}}, {"model": "charts.student", "pk": 482, "fields": {"name": "Student 8", "cia_marks": 36, "semester_marks": 47, "total_marks": 83, "file_desc": 7}}, {"model": "charts.student", "pk": 483, "fields": {"name": "Student 9", "cia_marks": 34, "semester_marks": 44, "total_marks": 78, "file_desc": 7}}, {"model": "charts.student", "pk": 484, "fields": {"name": "Student 10", "cia_marks": 37, "semester_marks": 52, "total_marks": 89, "file_desc": 7}}, {"model": "charts.student", "pk": 485, "fields": {"name": "Student 11", "cia_marks": 37, "semester_marks": 48, "total_marks": 85, "file_desc": 7}}, {"model": "charts.student", "pk": 486, "fields": {"name": "Student 12", "cia_marks": 37, "semester_marks": 45, "total_marks": 82, "file_desc": 7}}, {"model": "charts.student", "pk": 487, "fields": {"name": "Student 13", "cia_marks": 30, "semester_marks": 43, "total_marks": 73, "file_desc": 7}}, {"model": "charts.student", "pk": 488, "fields": {"name": "Student 14", "cia_marks": 33, "semester_marks": 45, "total_marks": 78, "file_desc": 7}}, {"model": "charts.student", "pk": 489, "fields": {"name": "Student 15", "cia_marks": 35, "semester_marks": 45, "total_marks": 80, "file_desc": 7}}, {"model": "charts.student", "pk": 490, "fields": {"name": "Student 16", "cia_marks": 37, "semester_marks": 48, "total_marks": 85, "file_desc": 7}}, {"model": "charts.student", "pk": 491, "fields": {"name": "Student 17", "cia_marks": 33, "semester_marks": 41, "total_marks": 74, "file_desc": 7}}, {"model": "charts.student", "pk": 492, "fields": {"name": "Student 18", "cia_marks": 36, "semester_marks": 51, "total_marks": 87, "file_desc": 7}}, {"model": "charts.student", "pk": 493, "fields": {"name": "Student 19", "cia_marks": 34, "semester_marks": 55, "total_marks": 89, "file_desc": 7}}, {"model": "charts.student", "pk": 494, "fields": {"name": "Student 20", "cia_marks": 33, "semester_marks": 42, "total_marks": 75, "file_desc": 7}}, {"model": "charts.student", "pk": 495, "fields": {"name": "Student 21", "cia_marks": 34, "semester_marks": 44, "total_marks": 78, "file_desc": 7}}, {"model": "charts.student", "pk": 496, "fields": {"name": "Student 22", "cia_marks": 29, "semester_marks": 28, "total_marks": 57, "file_desc": 7}}, {"model": "charts.student", "pk": 497, "fields": {"name": "Student 23", "cia_marks": 32, "semester_marks": 27, "total_marks": 59, "file_desc": 7}}, {"model": "charts.student", "pk": 498, "fields": {"name": "Student 24", "cia_marks": 32, "semester_marks": 37, "total_marks": 69, "file_desc": 7}}, {"model": "charts.student", "pk": 499, "fields": {"name": "Student 25", "cia_marks": 28, "semester_marks": 36, "total_marks": 64, "file_desc": 7}}, {"model": "charts.student", "pk": 500, "fields": {"name": "Student 26", "cia_marks": 31, "semester_marks": 37, "total_marks": 68, "file_desc": 7}}, {"model": "charts.student", "pk": 501, "fields": {"name": "Student 27", "cia_marks": 34, "semester_marks": 45, "total_marks": 79, "file_desc": 7}}, {"model": "charts.student", "pk": 502, "fields": {"name": "Student 28", "cia_marks": 36, "semester_marks": 47, "total_marks": 83, "file_desc": 7}}, {"model": "charts.student", "pk": 503, "fields": {"name": "Student 29", "cia_marks": 27, "semester_marks": 43, "total_marks": 70, "file_desc": 7}}, {"model": "charts.student", "pk": 504, "fields": {"name": "Student 30", "cia_marks": 33, "semester_marks": 42, "total_marks": 75, "file_desc": 7}}, {"model": "charts.student", "pk": 505, "fields": {"name": "Student 31", "cia_marks": 36, "semester_marks": 48, "total_marks": 84, "file_desc": 7}}, {"model": "charts.student", "pk": 506, "fields": {"name": "Student 32", "cia_marks": 31, "semester_marks": 46, "total_marks": 77, "file_desc": 7}}, {"model": "charts.student", "pk": 507, "fields": {"name": "Student 33", "cia_marks": 30, "semester_marks": 45, "total_marks": 75, "file_desc": 7}}, {"model": "charts.student", "pk": 508, "fields": {"name": "Student 34", "cia_marks": 31, "semester_marks": 39, "total_marks": 70, "file_desc": 7}}, {"model": "charts.student", "pk": 509, "fields": {"name": "Student 35", "cia_marks": 33, "semester_marks": 43, "total_marks": 76, "file_desc": 7}}, {"model": "charts.student", "pk": 510, "fields": {"name": "Student 36", "cia_marks": 33, "semester_marks": 44, "total_marks": 77, "file_desc": 7}}, {"model": "charts.student", "pk": 511, "fields": {"name": "Student 37", "cia_marks": 24, "semester_marks": 37, "total_marks": 61, "file_desc": 7}}, {"model": "charts.student", "pk": 512, "fields": {"name": "Student 38", "cia_marks": 34, "semester_marks": 44, "total_marks": 78, "file_desc": 7}}, {"model": "charts.student", "pk": 513, "fields": {"name": "Student 39", "cia_marks": 36, "semester_marks": 49, "total_marks": 85, "file_desc": 7}}, {"model": "charts.student", "pk": 514, "fields": {"name": "Student 40", "cia_marks": 34, "semester_marks": 47, "total_marks": 81, "file_desc": 7}}, {"model": "charts.student", "pk": 515, "fields": {"name": "Student 41", "cia_marks": 33, "semester_marks": 44, "total_marks": 77, "file_desc": 7}}, {"model": "charts.student", "pk": 516, "fields": {"name": "Student 42", "cia_marks": 26, "semester_marks": 32, "total_marks": 58, "file_desc": 7}}, {"model": "charts.student", "pk": 517, "fields": {"name": "Student 43", "cia_marks": 35, "semester_marks": 53, "total_marks": 88, "file_desc": 7}}, {"model": "charts.student", "pk": 518, "fields": {"name": "Student 44", "cia_marks": 35, "semester_marks": 45, "total_marks": 80, "file_desc": 7}}, {"model": "charts.student", "pk": 519, "fields": {"name": "Student 45", "cia_marks": 30, "semester_marks": 45, "total_marks": 75, "file_desc": 7}}, {"model": "charts.student", "pk": 520, "fields": {"name": "Student 46", "cia_marks": 30, "semester_marks": 34, "total_marks": 64, "file_desc": 7}}, {"model": "charts.student", "pk": 686, "fields": {"name": "Student 1", "cia_marks": 34, "semester_marks": 54, "total_marks": 88, "file_desc": 11}}, {"model": "charts.student", "pk": 687, "fields": {"name": "Student 2", "cia_marks": 31, "semester_marks": 59, "total_marks": 90, "file_desc": 11}}, {"model": "charts.student", "pk": 688, "fields": {"name": "Student 3", "cia_marks": 31, "semester_marks": 55, "total_marks": 86, "file_desc": 11}}, {"model": "charts.student", "pk": 689, "fields": {"name": "Student 4", "cia_marks": 36, "semester_marks": 53, "total_marks": 89, "file_desc": 11}}, {"model": "charts.student", "pk": 690, "fields": {"name": "Student 5", "cia_marks": 27, "semester_marks": 43, "total_marks": 70, "file_desc": 11}}, {"model": "charts.student", "pk": 691, "fields": {"name": "Student 6", "cia_marks": 27, "semester_marks": 43, "total_marks": 70, "file_desc": 11}}, {"model": "charts.student", "pk": 692, "fields": {"name": "Student 7", "cia_marks": 32, "semester_marks": 42, "total_marks": 74, "file_desc": 11}}, {"model": "charts.student", "pk": 693, "fields": {"name": "Student 8", "cia_marks": 38, "semester_marks": 54, "total_marks": 92, "file_desc": 11}}, {"model": "charts.student", "pk": 694, "fields": {"name": "Student 9", "cia_marks": 35, "semester_marks": 52, "total_marks": 87, "file_desc": 11}}, {"model": "charts.student", "pk": 695, "fields": {"name": "Student 10", "cia_marks": 36, "semester_marks": 50, "total_marks": 86, "file_desc": 11}}, {"model": "charts.student", "pk": 696, "fields": {"name": "Student 11", "cia_marks": 38, "semester_marks": 59, "total_marks": 97, "file_desc": 11}}, {"model": "charts.student", "pk": 697, "fields": {"name": "Student 12", "cia_marks": 37, "semester_marks": 59, "total_marks": 96, "file_desc": 11}}, {"model": "charts.student", "pk": 698, "fields": {"name": "Student 13", "cia_marks": 33, "semester_marks": 50, "total_marks": 83, "file_desc": 11}}, {"model": "charts.student", "pk": 699, "fields": {"name": "Student 14", "cia_marks": 36, "semester_marks": 55, "total_marks": 91, "file_desc": 11}}, {"model": "charts.student", "pk": 700, "fields": {"name": "Student 15", "cia_marks": 38, "semester_marks": 58, "total_marks": 96, "file_desc": 11}}, {"model": "charts.student", "pk": 701, "fields": {"name": "Student 16", "cia_marks": 39, "semester_marks": 60, "total_marks": 99, "file_desc": 11}}, {"model": "charts.student", "pk": 702, "fields": {"name": "Student 17", "cia_marks": 40, "semester_marks": 59, "total_marks": 99, "file_desc": 11}}, {"model": "charts.student", "pk": 703, "fields": {"name": "Student 18", "cia_marks": 38, "semester_marks": 53, "total_marks": 91, "file_desc": 11}}, {"model": "charts.student", "pk": 704, "fields": {"name": "Student 19", "cia_marks": 37, "semester_marks": 58, "total_marks": 95, "file_desc": 11}}, {"model": "charts.student", "pk": 705, "fields": {"name": "Student 20", "cia_marks": 38, "semester_marks": 56, "total_marks": 94, "file_desc": 11}}, {"model": "charts.student", "pk": 706, "fields": {"name": "Student 21", "cia_marks": 36, "semester_marks": 47, "total_marks": 83, "file_desc": 11}}, {"model": "charts.student", "pk": 707, "fields": {"name": "Student 22", "cia_marks": 37, "semester_marks": 58, "total_marks": 95, "file_desc": 11}}, {"model": "charts.student", "pk": 708, "fields": {"name": "Student 23", "cia_marks": 32, "semester_marks": 52, "total_marks": 84, "file_desc": 11}}, {"model": "charts.student", "pk": 709, "fields": {"name": "Student 24", "cia_marks": 33, "semester_marks": 54, "total_marks": 87, "file_desc": 11}}, {"model": "charts.student", "pk": 710, "fields": {"name": "Student 25", "cia_marks": 38, "semester_marks": 53, "total_marks": 91, "file_desc": 11}}, {"model": "charts.student", "pk": 711, "fields": {"name": "Student 26", "cia_marks": 35, "semester_marks": 50, "total_marks": 85, "file_desc": 11}}, {"model": "charts.student", "pk": 712, "fields": {"name": "Student 27", "cia_marks": 32, "semester_marks": 38, "total_marks": 70, "file_desc": 11}}, {"model": "charts.student", "pk": 713, "fields": {"name": "Student 28", "cia_marks": 34, "semester_marks": 37, "total_marks": 71, "file_desc": 11}}, {"model": "charts.student", "pk": 714, "fields": {"name": "Student 29", "cia_marks": 32, "semester_marks": 49, "total_marks": 81, "file_desc": 11}}, {"model": "charts.student", "pk": 715, "fields": {"name": "Student 30", "cia_marks": 33, "semester_marks": 47, "total_marks": 80, "file_desc": 11}}, {"model": "charts.student", "pk": 716, "fields": {"name": "Student 31", "cia_marks": 38, "semester_marks": 54, "total_marks": 92, "file_desc": 11}}, {"model": "charts.student", "pk": 717, "fields": {"name": "Student 32", "cia_marks": 35, "semester_marks": 54, "total_marks": 89, "file_desc": 11}}, {"model": "charts.student", "pk": 718, "fields": {"name": "Student 33", "cia_marks": 38, "semester_marks": 55, "total_marks": 93, "file_desc": 11}}, {"model": "charts.student", "pk": 719, "fields": {"name": "Student 34", "cia_marks": 34, "semester_marks": 47, "total_marks": 81, "file_desc": 11}}, {"model": "charts.student", "pk": 720, "fields": {"name": "Student 35", "cia_marks": 25, "semester_marks": 24, "total_marks": 49, "file_desc": 11}}, {"model": "charts.student", "pk": 721, "fields": {"name": "Student 36", "cia_marks": 30, "semester_marks": 32, "total_marks": 62, "file_desc": 11}}, {"model": "charts.student", "pk": 722, "fields": {"name": "Student 37", "cia_marks": 37, "semester_marks": 47, "total_marks": 84, "file_desc": 11}}, {"model": "charts.student", "pk": 723, "fields": {"name": "Student 38", "cia_marks": 33, "semester_marks": 40, "total_marks": 73, "file_desc": 11}}, {"model": "charts.student", "pk": 724, "fields": {"name": "Student 39", "cia_marks": 24, "semester_marks": 23, "total_marks": 47, "file_desc": 11}}, {"model": "charts.student", "pk": 725, "fields": {"name": "Student 40", "cia_marks": 31, "semester_marks": 54, "total_marks": 85, "file_desc": 11}}, {"model": "charts.student", "pk": 726, "fields": {"name": "Student 41", "cia_marks": 35, "semester_marks": 52, "total_marks": 87, "file_desc": 11}}, {"model": "charts.student", "pk": 727, "fields": {"name": "Student 42", "cia_marks": 38, "semester_marks": 52, "total_marks": 90, "file_desc": 11}}, {"model": "charts.student", "pk": 728, "fields": {"name": "Student 43", "cia_marks": 38, "semester_marks": 54, "total_marks": 92, "file_desc": 11}}, {"model": "charts.student", "pk": 729, "fields": {"name": "Student 44", "cia_marks": 39, "semester_marks": 55, "total_marks": 94, "file_desc": 11}}, {"model": "charts.student", "pk": 730, "fields": {"name": "Student 45", "cia_marks": 37, "semester_marks": 52, "total_marks": 89, "file_desc": 11}}, {"model": "charts.student", "pk": 731, "fields": {"name": "Student 46", "cia_marks": 32, "semester_marks": 40, "total_marks": 72, "file_desc": 11}}, {"model": "charts.student", "pk": 732, "fields": {"name": "Student 47", "cia_marks": 38, "semester_marks": 42, "total_marks": 80, "file_desc": 11}}, {"model": "charts.student", "pk": 733, "fields": {"name": "Student 48", "cia_marks": 39, "semester_marks": 56, "total_marks": 95, "file_desc": 11}}, {"model": "charts.student", "pk": 734, "fields": {"name": "Student 49", "cia_marks": 36, "semester_marks": 53, "total_marks": 89, "file_desc": 11}}, {"model": "charts.student", "pk": 735, "fields": {"name": "Student 50", "cia_marks": 34, "semester_marks": 49, "total_marks": 83, "file_desc": 11}}, {"model": "charts.student", "pk": 736, "fields": {"name": "Student 51", "cia_marks": 37, "semester_marks": 44, "total_marks": 81, "file_desc": 11}}, {"model": "charts.student", "pk": 737, "fields": {"name": "Student 52", "cia_marks": 38, "semester_marks": 50, "total_marks": 88, "file_desc": 11}}, {"model": "charts.student", "pk": 738, "fields": {"name": "Student 53", "cia_marks": 39, "semester_marks": 56, "total_marks": 95, "file_desc": 11}}, {"model": "charts.student", "pk": 739, "fields": {"name": "Student 54", "cia_marks": 37, "semester_marks": 53, "total_marks": 90, "file_desc": 11}}, {"model": "charts.student", "pk": 740, "fields": {"name": "Student 55", "cia_marks": 34, "semester_marks": 50, "total_marks": 84, "file_desc": 11}}, {"model": "charts.student", "pk": 906, "fields": {"name": "Student 1", "cia_marks": 34, "semester_marks": 55, "total_marks": 89, "file_desc": 15}}, {"model": "charts.student", "pk": 907, "fields": {"name": "Student 2", "cia_marks": 34, "semester_marks": 35, "total_marks": 69, "file_desc": 15}}, {"model": "charts.student", "pk": 908, "fields": {"name": "Student 3", "cia_marks": 31, "semester_marks": 36, "total_marks": 67, "file_desc": 15}}, {"model": "charts.student", "pk": 909, "fields": {"name": "Student 4", "cia_marks": 35, "semester_marks": 44, "total_marks": 79, "file_desc": 15}}, {"model": "charts.student", "pk": 910, "fields": {"name": "Student 5", "cia_marks": 32, "semester_marks": 32, "total_marks": 64, "file_desc": 15}}, {"model": "charts.student", "pk": 911, "fields": {"name": "Student 6", "cia_marks": 34, "semester_marks": 30, "total_marks": 64, "file_desc": 15}}, {"model": "charts.student", "pk": 912, "fields": {"name": "Student 7", "cia_marks": 30, "semester_marks": 34, "total_marks": 64, "file_desc": 15}}, {"model": "charts.student", "pk": 913, "fields": {"name": "Student 8", "cia_marks": 34, "semester_marks": 36, "total_marks": 70, "file_desc": 15}}, {"model": "charts.student", "pk": 914, "fields": {"name": "Student 9", "cia_marks": 31, "semester_marks": 49, "total_marks": 80, "file_desc": 15}}, {"model": "charts.student", "pk": 915, "fields": {"name": "Student 10", "cia_marks": 37, "semester_marks": 42, "total_marks": 79, "file_desc": 15}}, {"model": "charts.student", "pk": 916, "fields": {"name": "Student 11", "cia_marks": 39, "semester_marks": 56, "total_marks": 95, "file_desc": 15}}, {"model": "charts.student", "pk": 917, "fields": {"name": "Student 12", "cia_marks": 39, "semester_marks": 52, "total_marks": 91, "file_desc": 15}}, {"model": "charts.student", "pk": 918, "fields": {"name": "Student 13", "cia_marks": 37, "semester_marks": 50, "total_marks": 87, "file_desc": 15}}, {"model": "charts.student", "pk": 919, "fields": {"name": "Student 14", "cia_marks": 37, "semester_marks": 53, "total_marks": 90, "file_desc": 15}}, {"model": "charts.student", "pk": 920, "fields": {"name": "Student 15", "cia_marks": 40, "semester_marks": 60, "total_marks": 100, "file_desc": 15}}, {"model": "charts.student", "pk": 921, "fields": {"name": "Student 16", "cia_marks": 40, "semester_marks": 60, "total_marks": 100, "file_desc": 15}}, {"model": "charts.student", "pk": 922, "fields": {"name": "Student 17", "cia_marks": 39, "semester_marks": 56, "total_marks": 95, "file_desc": 15}}, {"model": "charts.student", "pk": 923, "fields": {"name": "Student 18", "cia_marks": 40, "semester_marks": 59, "total_marks": 99, "file_desc": 15}}, {"model": "charts.student", "pk": 924, "fields": {"name": "Student 19", "cia_marks": 40, "semester_marks": 47, "total_marks": 87, "file_desc": 15}}, {"model": "charts.student", "pk": 925, "fields": {"name": "Student 20", "cia_marks": 39, "semester_marks": 58, "total_marks": 97, "file_desc": 15}}, {"model": "charts.student", "pk": 926, "fields": {"name": "Student 21", "cia_marks": 36, "semester_marks": 46, "total_marks": 82, "file_desc": 15}}, {"model": "charts.student", "pk": 927, "fields": {"name": "Student 22", "cia_marks": 38, "semester_marks": 55, "total_marks": 93, "file_desc": 15}}, {"model": "charts.student", "pk": 928, "fields": {"name": "Student 23", "cia_marks": 34, "semester_marks": 40, "total_marks": 74, "file_desc": 15}}, {"model": "charts.student", "pk": 929, "fields": {"name": "Student 24", "cia_marks": 35, "semester_marks": 53, "total_marks": 88, "file_desc": 15}}, {"model": "charts.student", "pk": 930, "fields": {"name": "Student 25", "cia_marks": 38, "semester_marks": 52, "total_marks": 90, "file_desc": 15}}, {"model": "charts.student", "pk": 931, "fields": {"name": "Student 26", "cia_marks": 36, "semester_marks": 46, "total_marks": 82, "file_desc": 15}}, {"model": "charts.student", "pk": 932, "fields": {"name": "Student 27", "cia_marks": 31, "semester_marks": 25, "total_marks": 56, "file_desc": 15}}, {"model": "charts.student", "pk": 933, "fields": {"name": "Student 28", "cia_marks": 32, "semester_marks": 32, "total_marks": 64, "file_desc": 15}}, {"model": "charts.student", "pk": 934, "fields": {"name": "Student 29", "cia_marks": 32, "semester_marks": 41, "total_marks": 73, "file_desc": 15}}, {"model": "charts.student", "pk": 935, "fields": {"name": "Student 30", "cia_marks": 34, "semester_marks": 36, "total_marks": 70, "file_desc": 15}}, {"model": "charts.student", "pk": 936, "fields": {"name": "Student 31", "cia_marks": 38, "semester_marks": 52, "total_marks": 90, "file_desc": 15}}, {"model": "charts.student", "pk": 937, "fields": {"name": "Student 32", "cia_marks": 33, "semester_marks": 42, "total_marks": 75, "file_desc": 15}}, {"model": "charts.student", "pk": 938, "fields": {"name": "Student 33", "cia_marks": 38, "semester_marks": 48, "total_marks": 86, "file_desc": 15}}, {"model": "charts.student", "pk": 939, "fields": {"name": "Student 34", "cia_marks": 39, "semester_marks": 52, "total_marks": 91, "file_desc": 15}}, {"model": "charts.student", "pk": 940, "fields": {"name": "Student 35", "cia_marks": 23, "semester_marks": 28, "total_marks": 51, "file_desc": 15}}, {"model": "charts.student", "pk": 941, "fields": {"name": "Student 36", "cia_marks": 24, "semester_marks": 31, "total_marks": 55, "file_desc": 15}}, {"model": "charts.student", "pk": 942, "fields": {"name": "Student 37", "cia_marks": 36, "semester_marks": 52, "total_marks": 88, "file_desc": 15}}, {"model": "charts.student", "pk": 943, "fields": {"name": "Student 38", "cia_marks": 35, "semester_marks": 31, "total_marks": 66, "file_desc": 15}}, {"model": "charts.student", "pk": 944, "fields": {"name": "Student 39", "cia_marks": 19, "semester_marks": 36, "total_marks": 55, "file_desc": 15}}, {"model": "charts.student", "pk": 945, "fields": {"name": "Student 40", "cia_marks": 35, "semester_marks": 40, "total_marks": 75, "file_desc": 15}}, {"model": "charts.student", "pk": 946, "fields": {"name": "Student 41", "cia_marks": 36, "semester_marks": 42, "total_marks": 78, "file_desc": 15}}, {"model": "charts.student", "pk": 947, "fields": {"name": "Student 42", "cia_marks": 37, "semester_marks": 53, "total_marks": 90, "file_desc": 15}}, {"model": "charts.student", "pk": 948, "fields": {"name": "Student 43", "cia_marks": 35, "semester_marks": 49, "total_marks": 84, "file_desc": 15}}, {"model": "charts.student", "pk": 949, "fields": {"name": "Student 44", "cia_marks": 40, "semester_marks": 54, "total_marks": 94, "file_desc": 15}}, {"model": "charts.student", "pk": 950, "fields": {"name": "Student 45", "cia_marks": 38, "semester_marks": 47, "total_marks": 85, "file_desc": 15}}, {"model": "charts.student", "pk": 951, "fields": {"name": "Student 46", "cia_marks": 37, "semester_marks": 50, "total_marks": 87, "file_desc": 15}}, {"model": "charts.student", "pk": 952, "fields": {"name": "Student 47", "cia_marks": 33, "semester_marks": 31, "total_marks": 64, "file_desc": 15}}, {"model": "charts.student", "pk": 953, "fields": {"name": "Student 48", "cia_marks": 40, "semester_marks": 54, "total_marks": 94, "file_desc": 15}}, {"model": "charts.student", "pk": 954, "fields": {"name": "Student 49", "cia_marks": 38, "semester_marks": 53, "total_marks": 91, "file_desc": 15}}, {"model": "charts.student", "pk": 955, "fields": {"name": "Student 50", "cia_marks": 38, "semester_marks": 50, "total_marks": 88, "file_desc": 15}}, {"model": "charts.student", "pk": 956, "fields": {"name": "Student 51", "cia_marks": 37, "semester_marks": 37, "total_marks": 74, "file_desc": 15}}, {"model": "charts.student", "pk": 957, "fields": {"name": "Student 52", "cia_marks": 37, "semester_marks": 54, "total_marks": 91, "file_desc": 15}}, {"model": "charts.student", "pk": 958, "fields": {"name": "Student 53", "cia_marks": 39, "semester_marks": 50, "total_marks": 89, "file_desc": 15}}, {"model": "charts.student", "pk": 959, "fields": {"name": "Student 54", "cia_marks": 37, "semester_marks": 50, "total_marks": 87, "file_desc": 15}}, {"model": "charts.student", "pk": 960, "fields": {"name": "Student 55", "cia_marks": 36, "semester_marks": 46, "total_marks": 82, "file_desc": 15}}, {"model": "charts.student", "pk": 961, "fields": {"name": "Student 1", "cia_marks": 39, "semester_marks": 51, "total_marks": 90, "file_desc": 16}}, {"model": "charts.student", "pk": 962, "fields": {"name": "Student 2", "cia_marks": 32, "semester_marks": 37, "total_marks": 69, "file_desc": 16}}, {"model": "charts.student", "pk": 963, "fields": {"name": "Student 3", "cia_marks": 34, "semester_marks": 50, "total_marks": 84, "file_desc": 16}}, {"model": "charts.student", "pk": 964, "fields": {"name": "Student 4", "cia_marks": 20, "semester_marks": 35, "total_marks": 55, "file_desc": 16}}, {"model": "charts.student", "pk": 965, "fields": {"name": "Student 5", "cia_marks": 26, "semester_marks": 40, "total_marks": 66, "file_desc": 16}}, {"model": "charts.student", "pk": 966, "fields": {"name": "Student 6", "cia_marks": 28, "semester_marks": 39, "total_marks": 67, "file_desc": 16}}, {"model": "charts.student", "pk": 967, "fields": {"name": "Student 7", "cia_marks": 24, "semester_marks": 48, "total_marks": 72, "file_desc": 16}}, {"model": "charts.student", "pk": 968, "fields": {"name": "Student 8", "cia_marks": 35, "semester_marks": 52, "total_marks": 87, "file_desc": 16}}, {"model": "charts.student", "pk": 969, "fields": {"name": "Student 9", "cia_marks": 24, "semester_marks": 51, "total_marks": 75, "file_desc": 16}}, {"model": "charts.student", "pk": 970, "fields": {"name": "Student 10", "cia_marks": 29, "semester_marks": 49, "total_marks": 78, "file_desc": 16}}, {"model": "charts.student", "pk": 971, "fields": {"name": "Student 11", "cia_marks": 34, "semester_marks": 56, "total_marks": 90, "file_desc": 16}}, {"model": "charts.student", "pk": 972, "fields": {"name": "Student 12", "cia_marks": 35, "semester_marks": 47, "total_marks": 82, "file_desc": 16}}, {"model": "charts.student", "pk": 973, "fields": {"name": "Student 13", "cia_marks": 33, "semester_marks": 52, "total_marks": 85, "file_desc": 16}}, {"model": "charts.student", "pk": 974, "fields": {"name": "Student 14", "cia_marks": 28, "semester_marks": 37, "total_marks": 65, "file_desc": 16}}, {"model": "charts.student", "pk": 975, "fields": {"name": "Student 15", "cia_marks": 37, "semester_marks": 45, "total_marks": 82, "file_desc": 16}}, {"model": "charts.student", "pk": 976, "fields": {"name": "Student 16", "cia_marks": 36, "semester_marks": 55, "total_marks": 91, "file_desc": 16}}, {"model": "charts.student", "pk": 977, "fields": {"name": "Student 17", "cia_marks": 29, "semester_marks": 44, "total_marks": 73, "file_desc": 16}}, {"model": "charts.student", "pk": 978, "fields": {"name": "Student 18", "cia_marks": 28, "semester_marks": 49, "total_marks": 77, "file_desc": 16}}, {"model": "charts.student", "pk": 979, "fields": {"name": "Student 19", "cia_marks": 35, "semester_marks": 47, "total_marks": 82, "file_desc": 16}}, {"model": "charts.student", "pk": 980, "fields": {"name": "Student 20", "cia_marks": 28, "semester_marks": 34, "total_marks": 62, "file_desc": 16}}, {"model": "charts.student", "pk": 981, "fields": {"name": "Student 21", "cia_marks": 23, "semester_marks": 41, "total_marks": 64, "file_desc": 16}}, {"model": "charts.student", "pk": 982, "fields": {"name": "Student 22", "cia_marks": 17, "semester_marks": 32, "total_marks": 49, "file_desc": 16}}, {"model": "charts.student", "pk": 983, "fields": {"name": "Student 23", "cia_marks": 24, "semester_marks": 32, "total_marks": 56, "file_desc": 16}}, {"model": "charts.student", "pk": 984, "fields": {"name": "Student 24", "cia_marks": 23, "semester_marks": 44, "total_marks": 67, "file_desc": 16}}, {"model": "charts.student", "pk": 985, "fields": {"name": "Student 25", "cia_marks": 20, "semester_marks": 34, "total_marks": 54, "file_desc": 16}}, {"model": "charts.student", "pk": 986, "fields": {"name": "Student 26", "cia_marks": 22, "semester_marks": 39, "total_marks": 61, "file_desc": 16}}, {"model": "charts.student", "pk": 987, "fields": {"name": "Student 27", "cia_marks": 24, "semester_marks": 39, "total_marks": 63, "file_desc": 16}}, {"model": "charts.student", "pk": 988, "fields": {"name": "Student 28", "cia_marks": 36, "semester_marks": 47, "total_marks": 83, "file_desc": 16}}, {"model": "charts.student", "pk": 989, "fields": {"name": "Student 29", "cia_marks": 23, "semester_marks": 51, "total_marks": 74, "file_desc": 16}}, {"model": "charts.student", "pk": 990, "fields": {"name": "Student 30", "cia_marks": 31, "semester_marks": 45, "total_marks": 76, "file_desc": 16}}, {"model": "charts.student", "pk": 991, "fields": {"name": "Student 31", "cia_marks": 34, "semester_marks": 54, "total_marks": 88, "file_desc": 16}}, {"model": "charts.student", "pk": 992, "fields": {"name": "Student 32", "cia_marks": 32, "semester_marks": 46, "total_marks": 78, "file_desc": 16}}, {"model": "charts.student", "pk": 993, "fields": {"name": "Student 33", "cia_marks": 27, "semester_marks": 40, "total_marks": 67, "file_desc": 16}}, {"model": "charts.student", "pk": 994, "fields": {"name": "Student 34", "cia_marks": 25, "semester_marks": 35, "total_marks": 60, "file_desc": 16}}, {"model": "charts.student", "pk": 995, "fields": {"name": "Student 35", "cia_marks": 26, "semester_marks": 45, "total_marks": 71, "file_desc": 16}}, {"model": "charts.student", "pk": 996, "fields": {"name": "Student 36", "cia_marks": 26, "semester_marks": 39, "total_marks": 65, "file_desc": 16}}, {"model": "charts.student", "pk": 997, "fields": {"name": "Student 37", "cia_marks": 29, "semester_marks": 38, "total_marks": 67, "file_desc": 16}}, {"model": "charts.student", "pk": 998, "fields": {"name": "Student 38", "cia_marks": 30, "semester_marks": 52, "total_marks": 82, "file_desc": 16}}, {"model": "charts.student", "pk": 999, "fields": {"name": "Student 39", "cia_marks": 23, "semester_marks": 38, "total_marks": 61, "file_desc": 16}}, {"model": "charts.student", "pk": 1000, "fields": {"name": "Student 40", "cia_marks": 35, "semester_marks": 50, "total_marks": 85, "file_desc": 16}}, {"model": "charts.student", "pk": 1001, "fields": {"name": "Student 41", "cia_marks": 31, "semester_marks": 44, "total_marks": 75, "file_desc": 16}}, {"model": "charts.student", "pk": 1002, "fields": {"name": "Student 42", "cia_marks": 16, "semester_marks": 30, "total_marks": 46, "file_desc": 16}}, {"model": "charts.student", "pk": 1003, "fields": {"name": "Student 43", "cia_marks": 31, "semester_marks": 58, "total_marks": 89, "file_desc": 16}}, {"model": "charts.student", "pk": 1004, "fields": {"name": "Student 44", "cia_marks": 27, "semester_marks": 40, "total_marks": 67, "file_desc": 16}}, {"model": "charts.student", "pk": 1005, "fields": {"name": "Student 45", "cia_marks": 33, "semester_marks": 51, "total_marks": 84, "file_desc": 16}}, {"model": "charts.student", "pk": 1006, "fields": {"name": "Student 46", "cia_marks": 24, "semester_marks": 39, "total_marks": 63, "file_desc": 16}}]